time_elapsed_(s),x_force_(N),y_force_(N),z_force_(N),delta_t_(s)_x,x_position_(mm),y_position_(mm),z_position_(mm),delta_t_(s)_y,delta_x_(m),speed_x_(mm_s^-1),delta_y_(m),speed_y_(mm_s^-1),delta_z_(m),speed_z_(mm_s^-1),sliding_distance_(mm),coefficient_of_friction
0.0,,,,,692.6308324604748,170.69269700325964,285.1041000405524,0.04800000000068394,-0.0008881196942062131,18.502493629032468,-1.801615297464254e-05,0.3753365202997048,-0.00010694790097925955,2.228081270369493,0.0,0.11776805937053896
0.026019999999334686,0.22296431660652,-0.8677995800971999,7.3687176704407005,0.036009999999805586,692.4337144297762,,,,,20.553286643314536,,0.3838986287555534,,2.1677347875803106,0.5347965184453698,0.11776805937053896
0.03000999999949272,0.22170469164848,-0.8637849688529999,7.220043182373001,0.003990000000158034,692.2365963990775,,,,,22.604079657596607,,0.392460737211402,,2.107388304791128,0.6249867962827524,0.11963709177832106
0.0319999999992433,0.22086861729621998,-0.8606301546096801,7.1638088226318,0.00198999999975058,692.0394783683789,,,,,24.654872671878678,,0.4010228456672506,,2.0470418220019457,0.6740499928936416,0.12013583498917361
0.033999999999650754,0.22117552161217,-0.8631911277770999,7.1156764030457005,0.0020000000004074536,691.8423603376802,,,,,26.705665686160746,,0.40958495412309914,,1.9866953392127633,0.7274613242768444,0.1213083730743617
0.03599999999914871,0.22254361212254004,-0.86455494165421,7.0761933326721005,0.001999999999497959,691.6452423069816,,,,,28.756458700442813,,0.41814706257894774,,1.926348856423581,0.7849742416632931,0.12217797069822825
0.039999999999054126,0.22437343001366,-0.8657241463661199,7.0389080047607,0.0039999999999054126,691.4481242762829,,,,,30.807251714724885,,0.42670917103479633,,1.8660023736343985,0.9082032485192787,0.12299125741955931
0.04199999999946158,0.22450906038284,-0.8720030784606899,7.0326600074767995,0.0020000000004074536,691.2510062455843,,,,,32.858044729006956,,0.4352712794906449,,1.805655890845216,0.9739193379906808,0.12399335067152635
0.04399999999895954,0.22700563073158,-0.87673038244247,7.0444011688232,0.001999999999497959,691.0538882148857,,,,,34.90883774328903,,0.4438333879464935,,1.7453094080560336,1.0437370134597332,0.12445775892529583
0.047999999997955456,0.22895914316177002,-0.88568717241287,7.072692155838,,690.856770184187,170.67098201943327,285.18497826096177,0.047999999997955456,-0.0017740622762878466,36.95963075757109,-2.171498382638748e-05,0.4523954964023421,8.087822040936388e-05,1.6849629252668512,1.191575536452907,0.12522325252236546
0.04799999999886495,0.23091265559196,-0.8946439623832699,7.1009831428528,0.0039999999999054126,690.6962461734747,,,,,38.250568160767216,,0.43358667961783465,,1.6010409368597351,1.1915755364876957,0.1259887461194351
0.05000999999901978,0.23482158780098003,-0.90349245071411,7.1390819549561,0.0020100000001548324,690.5357221627625,,,,,39.54150556396334,,0.4147778628333271,,1.517118948452619,1.2710539626773842,0.12655583118595334
0.05199999999967986,0.2380033582449,-0.91644233465195,7.1931414604187,0.001990000000660075,690.3751981520502,,,,,40.832442967159466,,0.39596904604881966,,1.4331969600455028,1.3523105242089841,0.12740502042046667
0.05399999999917782,0.24229125678539,-0.9326719045639,7.2523050308228,0.001999999999497959,690.2146741413379,,,,,42.1233803703556,,0.3771602292643122,,1.3492749716383867,1.4365572849285477,0.12860351303481854
0.06199999999898864,0.26018679141998,-1.0031512975693,7.539975643158,0.007999999999810825,690.0541501306257,,,,,43.41431777355172,,0.35835141247980473,,1.2653529832312707,1.7838718271087486,0.133044368449597
0.0639999999993961,0.2657128572464,-1.0256807804108,7.6219921112061,0.0020000000004074536,689.8936261199134,,,,,44.70525517674785,,0.3395425956952972,,1.1814309948241544,1.8732823374804597,0.13456859643069044
0.06800999999904889,0.27602714300156,-1.073779463768,7.7873711585999,0.004009999999652791,689.7331021092011,,,,,45.99619257994397,,0.32073377891078975,,1.0975090064170383,2.0577270697100647,0.13788728466886843
0.07000999999945634,0.28192993998528004,-1.0921808481216,7.867753028869599,0.0020000000004074536,689.5725780984889,,,,,47.2871299831401,,0.3019249621262823,,1.0135870180099222,2.152301329695612,0.13881737824179255
0.0720099999989543,0.28590437769890004,-1.117773771286,7.9479689598083,0.001999999999497959,689.4120540877766,,,,,48.57806738633623,,0.28311614534177476,,0.9296650296028062,2.2494574644438963,0.1406364037074649
0.07599999999911233,0.29740908741951,-1.1690273284911998,8.097134590148901,0.003990000000158034,689.2515300770643,,,,,49.869004789532354,,0.2643073285572673,,0.84574304119569,2.4484347935620114,0.14437543497343575
0.07799999999951979,0.30105543136596996,-1.1945869922638002,8.164966583252,0.0020000000004074536,689.0910060663521,,,,,51.15994219272848,,0.2454985117727598,,0.7618210527885738,2.550754677968314,0.1463064153519183
0.07999999999901775,0.30502879619598,-1.2193048000336,8.219139099121099,0.001999999999497959,688.9304820556398,,,,,52.450879595924604,,0.2266896949882523,,0.6778990643814577,2.6556564371338305,0.14834945428335486
0.08200999999917258,0.30990377068520003,-1.2431578636168998,8.2710266113281,0.0020100000001548324,688.7699580449275,,,,,53.74181699912073,,0.20788087820374485,,0.5939770759743417,2.763677489310384,0.15030272806936149
0.08599999999933061,0.31764104962349,-1.2949922084808,8.348710060119599,0.003990000000158034,688.6094340342153,,,,,55.032754402316854,,0.18907206141923738,,0.5100550875672254,2.9832581793843254,0.15511284966844913
0.08799999999882857,0.32053497433662004,-1.3162626028061002,8.368541717529299,0.001999999999497959,688.448910023503,,,,,56.32369180551298,,0.17026324463472986,,0.42613309916010933,3.0959055629670744,0.15728697391195048
0.0900099999989834,0.32332268357277,-1.3372769355774,8.3824291229248,0.0020100000001548324,688.2883860127907,,,,,57.614629208709104,,0.1514544278502224,,0.34221111075299326,3.2117109676855002,0.159533342419816
0.09199999999964348,0.32499867677689,-1.3561873435974,8.387658119201701,0.001990000000660075,688.1278620020785,,,,,58.90556661190523,,0.13264561106571493,,0.2582891223458772,3.328933045282074,0.16168843845610575
0.09599999999954889,0.32819017767906,-1.3939875364304,8.358012199401902,0.0039999999999054126,687.9673379913662,170.67644618555894,285.19334788339114,0.048000000001593435,-0.0028894321928207845,60.19650401510136,5.464166125679348e-06,0.11383679428120742,8.369622429338364e-06,0.17436713393876085,3.5697190613367855,0.16678457786052928
0.09799999999904685,0.32867503166198997,-1.4090477228165001,8.3275394439697,0.001999999999497959,687.7960654717439,,,,,60.42043128412153,,0.15570699108231434,,0.18423799722456227,3.690559923874695,0.16920336820942317
0.0999999999994543,0.32841241359711,-1.4239572286606001,8.289033889770499,0.0020000000004074536,687.6247929521215,,,,,60.644358553141686,,0.19757718788342127,,0.1941088605103637,3.811848641005688,0.17178808140933124
0.10199999999895226,0.32920986413956,-1.4345409870148,8.2280750274658,0.001999999999497959,687.4535204324992,,,,,60.86828582216185,,0.2394473846845282,,0.20397972379616508,3.9335852126194535,0.17434709603719187
0.11000999999941996,0.32288599014282,-1.4650895595551001,7.9207677841187,0.008010000000467699,687.2822479128769,,,,,61.09221309118202,,0.2813175814856351,,0.2138505870819665,4.422933839508394,0.1849681242382379
0.113999999999578,0.31748011708259993,-1.4698150157928003,7.7139534950256,0.003990000000158034,687.1109753932544,,,,,61.31614036020218,,0.32318777828674206,,0.22372145036776792,4.667585239555291,0.1905397818045729
0.11599999999907595,0.31359392404555997,-1.4710544347763002,7.605597496032701,0.001999999999497959,686.9397028736321,,,,,61.54006762922234,,0.365057975087849,,0.2335923136535693,4.79066537478284,0.19341733973479988
0.11799999999948341,0.31017237901688,-1.4744746685028,7.4856133460999,0.0020000000004074536,686.7684303540098,,,,,61.76399489824251,,0.4069281718889559,,0.24346317693937072,4.914193364604491,0.19697446292373894
0.11999999999898137,0.30704855918884,-1.469264626503,7.367051601409901,0.001999999999497959,686.5971578343874,,,,,61.987922167262674,,0.44879836869006284,,0.25333404022517214,5.038169208907895,0.19943726554349278
0.12199999999938882,0.30197316408157004,-1.4655655622481998,7.2431335449219,0.0020000000004074536,686.4258853147651,,,,,62.21184943628283,,0.4906685654911698,,0.2632049035109736,5.162592907805809,0.2023386084432608
0.12599999999929423,0.29408594965935,-1.4586176872253,6.9943981170653995,0.0039999999999054126,686.2546127951427,,,,,62.435776705303,,0.5325387622922767,,0.273075766796775,5.412336014621116,0.20854084408870968
0.12799999999970169,0.28853607177734003,-1.4570286273956001,6.868319511413599,0.0020000000004074536,686.0833402755204,,,,,62.659703974323165,,0.5744089590933836,,0.28294663008257637,5.537655422595293,0.2121375723674979
0.13000999999894702,0.28408789634705,-1.4566789865493999,6.7453312873839995,0.0020099999992453377,685.9120677558981,,,,,62.88363124334333,,0.6162791558944906,,0.2928174933683778,5.664051521346957,0.21595366105648087
0.1319999999996071,0.28178817033768,-1.4498043060302999,6.6209564208984,0.001990000000660075,685.7407952362757,,,,,63.10755851236349,,0.6581493526955975,,0.3026883566541792,5.789635562828217,0.2189720357400533
0.1359999999995125,0.2724789083004,-1.4527825117111,6.3939218521117995,0.0039999999999054126,685.5695227166533,,,,,63.331485781383655,,0.7000195494967044,,0.3125592199399806,6.042961505947761,0.2272130541025101
0.13799999999901047,0.27070847153664,-1.4439516067504998,6.2881693840027,0.001999999999497959,685.398250197031,,,,,63.55541305040382,,0.7418897462978113,,0.32243008322578204,6.1700723320166615,0.229629884084223
0.13999999999941792,0.26534870266914,-1.4466308355331001,6.193814754486099,0.0020000000004074536,685.2269776774086,,,,,63.77934031942399,,0.7837599430989183,,0.33230094651158343,6.297631012681497,0.23356055886000213
0.14199999999891588,0.26279836893082,-1.4569586515427,6.0996761322021,0.001999999999497959,685.0557051577863,,,,,64.00326758844415,,0.8256301399000252,,0.3421718097973848,6.425637547826253,0.23885836230729682
0.14400000000023283,0.26275584101676996,-1.45800995826725,6.0576953887939,,684.884432638164,170.63480616939668,285.1764498350829,0.04800000000068394,-0.0030829053532022144,64.22719485746431,-4.164001616224766e-05,0.8675003367011321,-1.6898048308233715e-05,0.35204267308318626,6.554091937625765,0.24069999858769675
0.14400999999907071,0.26271331310272,-1.4590612649918002,6.0157146453857,0.0020100000001548324,684.7241826995174,,,,,63.997557753930295,,0.832275417509752,,0.4619435457515742,6.554731913128932,0.24254163486809668
0.1459999999988213,0.25961655378342,-1.4695007801056001,5.9488773345947,0.00198999999975058,684.563932760871,,,,,63.767920650396285,,0.7970504983183718,,0.5718444184199621,6.681630075207315,0.2470215298540389
0.15000999999938358,0.2586487531662,-1.4900126457213998,5.831039905548099,0.004010000000562286,684.4036828222245,,,,,63.53828354686227,,0.7618255791269917,,0.68174529108835,6.93641859226596,0.25553120367152476
0.15799999999944703,0.26117843389511003,-1.5602303743362,5.7282590866089,0.007990000000063446,684.2434328835781,,,,,63.30864644332826,,0.7266006599356115,,0.791646163756738,7.442254677352169,0.27237426777423374
0.159999999998945,0.26173341274260997,-1.5888893604279,5.7324414253235,0.001999999999497959,684.0831829449315,,,,,63.07900933979424,,0.6913757407442314,,0.9015470364251259,7.568412696000089,0.27717498401446533
0.1639999999988504,0.27003121376038,-1.6442201137543002,5.7679352760315,0.0039999999999054126,683.9229330062851,,,,,62.84937223626022,,0.6561508215528512,,1.0114479090935138,7.819810184939185,0.28506216437393334
0.16600999999900523,0.27183267474174,-1.6799068450927999,5.8053722381592,0.0020100000001548324,683.7626830676386,,,,,62.61973513272621,,0.620925902361471,,1.1213487817619017,7.94567585256566,0.28937108184908983
0.1679999999996653,0.27689945697784,-1.7208700180054,5.8489208221436,0.001990000000660075,683.6024331289922,,,,,62.390098029192195,,0.5857009831700909,,1.2312496544302896,8.069832147684934,0.2942200912500487
0.17000999999891064,0.28330546617508,-1.7517786026001,5.904095172882099,0.0020099999992453377,683.4421831903456,,,,,62.160460925658185,,0.5504760639787107,,1.3411505270986774,8.194774674098598,0.2967056850042214
0.17400999999881606,0.29198285937309004,-1.8424592018127,6.050543785095201,0.0039999999999054126,683.2819332516991,,,,,61.93082382212417,,0.5152511447873306,,1.4510513997670655,8.442497969381236,0.30451134100564325
0.17599999999947613,0.30042105913162,-1.8837670087814,6.1284523010254,0.001990000000660075,683.1216833130527,,,,,61.70118671859015,,0.48002622559595043,,1.5609522724354534,8.565283330991958,0.30738054507925466
0.1779999999989741,0.30488082766533003,-1.9234580993651997,6.2226819992065,0.001999999999497959,682.9614333744062,,,,,61.47154961505614,,0.4448013064045703,,1.6708531451038413,8.688226430191209,0.30910435397638414
0.17999999999938154,0.31021165847778004,-1.9773474931716999,6.319094181060799,0.0020000000004074536,682.8011834357598,,,,,61.24191251152212,,0.4095763872131901,,1.7807540177722292,8.810710255239206,0.3129162877644844
0.18399999999928696,0.32628828287125,-2.0757822990417,6.5150136947632005,0.0039999999999054126,682.6409334971132,,,,,61.01227540798811,,0.37435146802180996,,1.8906548904406173,9.054759356865388,0.31861518582995824
0.1860099999994418,0.33139473199844,-2.1307642459869,6.629903793335,0.0020100000001548324,682.4806835584668,,,,,60.782638304454096,,0.3391265488304298,,2.000555763109005,9.176932459866752,0.32138690279773646
0.18799999999919237,0.33881875872612,-2.1879210472107,6.739700794219999,0.00198999999975058,682.3204336198203,,,,,60.55300120092008,,0.30390162963904965,,2.110456635777393,9.29743293224148,0.3246317772870677
0.1900099999993472,0.34806466102600003,-2.2361807823181,6.8430843353271,0.0020100000001548324,682.1601836811739,,,,,60.32336409738607,,0.2686767104476695,,2.220357508445781,9.418682894086565,0.3267796614421252
0.19199999999909778,0.35372717678547005,-2.2975051403045503,6.9572775363921995,,681.9999337425273,170.62360048341665,285.2883022373737,0.04799999999886495,-0.002884498895636689,60.09372699385205,-1.1205685980036906e-05,0.2334517912562893,0.00011185240229083515,2.330258381114169,9.538269410789342,0.33017476032533677
0.19399999999950523,0.35938969254494,-2.358829498291,7.071470737457299,0.003990000000158034,681.8107022387516,,,,,60.501124871988026,,0.2703757247052911,,2.218131327026303,9.65927166055797,0.33356985920854826
0.1959999999990032,0.36953157186508,-2.4137096405029,7.1745166778564,0.001999999999497959,681.6214707349758,,,,,60.908522750124,,0.30729965815429294,,2.1060042729384367,9.781088706027639,0.33642818727463986
0.20399999999881402,0.39662724733353005,-2.6584665775298997,7.5756115913391,0.007999999999810825,681.4322392312001,,,,,61.31592062825998,,0.34422359160329474,,1.993877218850571,10.27161607104212,0.35092435052626253
0.2080099999993763,0.40526854991913,-2.7779819965362997,7.7468104362488,0.004010000000562286,681.2430077274244,,,,,61.723318506395955,,0.38114752505229654,,1.881750164762705,10.519126578287473,0.3585968727900703
0.21000999999887426,0.41276448965073,-2.8447241783142,7.8160133361816,0.001999999999497959,681.0537762236486,,,,,62.13071638453193,,0.4180714585012984,,1.769623110674839,10.643388011025344,0.3639610189948766
0.21199999999953434,0.41862073540688,-2.9006946086884,7.8800144195557,0.001990000000660075,680.8645447198728,,,,,62.538114262667904,,0.4549953919503002,,1.657496056586973,10.767838858449332,0.3681077792814433
0.2139999999990323,0.41820314526558006,-2.9577827453612997,7.9314494132996,0.001999999999497959,680.675313216097,,,,,62.945512140803885,,0.49191932539930205,,1.5453690024991071,10.893729882699338,0.37291831432494993
0.21599999999943975,0.42303475737572,-3.0210697650909,7.9831819534302,0.0020000000004074536,680.4860817123213,,,,,63.35291001893986,,0.5288432588483039,,1.4332419484112413,11.02043570276303,0.378429275784302
0.2179999999989377,0.42847579717636,-3.0856871604919,8.021395683288599,0.001999999999497959,680.2968502085456,,,,,63.76030789707583,,0.5657671922973057,,1.3211148943233753,11.147956318525173,0.38468207807283167
0.22199999999884312,0.43285271525383,-3.2080054283142,8.0690326690674,0.0039999999999054126,680.1076187047698,,,,,64.16770577521181,,0.6026911257463075,,1.2089878402355092,11.404627141619951,0.39757001364142125
0.22399999999925058,0.43574625253677,-3.2729110717773,8.082098007202099,0.0020000000004074536,679.9183872009941,,,,,64.57510365334778,,0.6396150591953094,,1.0968607861476434,11.533777348952958,0.4049581023220396
0.22599999999965803,0.43795141577721,-3.3207023143768,8.07985496521,0.0020000000004074536,679.7291556972183,,,,,64.98250153148376,,0.676538992644311,,0.9847337320597773,11.663742352042403,0.4109853863311881
0.23000999999931082,0.43692675232887,-3.4503314495087003,8.0585746765137,0.004009999999652791,679.5399241934425,,,,,65.38989940961974,,0.713462926093313,,0.8726066779719115,11.925955848652274,0.42815653983632035
0.2319999999990614,0.44269654154778004,-3.5063924789428995,8.0315990447998,0.00198999999975058,679.3506926896667,,,,,65.79729728775571,,0.7503868595423149,,0.7604796238840454,12.056892470238497,0.4365746421583601
0.23399999999946886,0.43760395050049,-3.5560724735259996,8.0001211166382,0.0020000000004074536,679.1614611858911,,,,,66.20469516589169,,0.7873107929913166,,0.6483525697961796,12.189301860597256,0.44450232961227065
0.23599999999896681,0.43745648860931,-3.6142065525055,7.9669718742371,0.001999999999497959,678.9722296821153,,,,,66.61209304402766,,0.8242347264403185,,0.5362255157083136,12.32252604665187,0.45364871491423314
0.23999999999796273,0.43653409183025005,-3.6685109138489,7.9125444889069,,678.7829981783395,170.58226486774294,285.26794551121645,0.04799999999886495,-0.003216935564187784,67.01949092216364,-4.1335615673709913e-05,0.8611586598893203,-2.035672615730011e-05,0.4240984616204475,12.590604010273232,0.46370141248966523
0.23999999999887223,0.43561169505119,-3.7228152751923003,7.858117103576701,0.0039999999999054126,678.5580298808784,,,,,66.55098499698546,,0.8597968598218878,,0.42994995472835984,12.59060401033376,0.4737541100650973
0.24199999999927968,0.43310087919234996,-3.7669005393982,7.8006882667542,0.0020000000004074536,678.3330615834174,,,,,66.08247907180728,,0.8584350597544552,,0.43580144783627217,12.7227689685043,0.48289335640450803
0.24399999999968713,0.42895713448524,-3.8240842819214,7.736720085144,0.0020000000004074536,678.1080932859562,,,,,65.6139731466291,,0.8570732596870227,,0.4416529409441845,12.853996914824291,0.4942771923808361
0.26199999999880674,0.4014888107776599,-4.1533160209656,7.064569950103801,0.01799999999911961,677.8831249884952,,,,,65.14546722145093,,0.8557114596195903,,0.4475044340520968,14.026615324753054,0.5879078344895678
0.2639999999992142,0.40217584371566995,-4.1686158180237,6.9826536178589,0.0020000000004074536,677.658156691034,,,,,64.67696129627275,,0.8543496595521577,,0.4533559271600091,14.155969247371953,0.5969959339472332
0.26599999999962165,0.3963568508625,-4.1839814186096005,6.905227661132799,0.0020000000004074536,677.4331883935729,,,,,64.20845537109457,,0.8529878594847252,,0.45920742026792144,14.284386158140304,0.6059150579726462
0.2679999999991196,0.38887342810631,-4.2085056304932005,6.8287754058838,0.001999999999497959,677.2082200961119,,,,,63.739949445916395,,0.8516260594172927,,0.46505891337583377,14.411866057000136,0.6162899466377345
0.271999999999025,0.38536202907562,-4.2377867698669,6.6913843154907,0.0039999999999054126,676.9832517986507,,,,,63.27144352073822,,0.8502642593498603,,0.4709104064837461,14.664951831077104,0.6333198886897486
0.2739999999994325,0.37866163253784,-4.2314205169678,6.623828887939499,0.0020000000004074536,676.7582835011896,,,,,62.80293759556004,,0.8489024592824277,,0.47676189959165843,14.790557706293814,0.6388179085773583
0.27599999999893043,0.37156966328621,-4.2228093147278,6.5559477806091,0.001999999999497959,676.5333152037285,,,,,62.33443167038186,,0.8475406592149952,,0.4826133926995707,14.915226569603284,0.6441188148596674
0.2779999999993379,0.36900261044502003,-4.2429151535034,6.4938821792603,0.0020000000004074536,676.3083469062674,,,,,61.86592574520368,,0.8461788591475627,,0.48846488580748304,15.038958421118899,0.6533711324566561
0.27999999999883585,0.3686757683754,-4.251072883606,6.447518825531,0.001999999999497959,676.0833786088064,,,,,61.397419820025505,,0.8448170590801302,,0.49431637891539537,15.161753260728126,0.6593346989189897
0.28799999999864667,0.34686966240406003,-4.1273322105408,6.237166881561299,,675.8584103113452,170.54177901530977,285.2919535690739,0.04800000000068394,-0.0029245878669943437,60.92891389484733,-4.0485852433186365e-05,0.8434552590126977,2.400805785746085e-05,0.5001678720233077,15.649184571875379,0.6618155553471218
0.31599999999889405,0.32506355643272,-4.0035915374756,6.026814937591599,0.03600000000005821,675.5146756898978,,,,,61.320172519917634,,0.8225258321447635,,0.45960879780292013,17.366149402448244,0.6642964117752539
0.31999999999879947,0.32662907242775,-3.9983413219451998,6.0352172851562,0.0039999999999054126,675.1709410684502,,,,,61.711431144987934,,0.8015964052768293,,0.41904972358253256,17.61299512702236,0.6625016354886246
0.3219999999992069,0.33038038015365995,-3.9780321121216,6.042343616485599,0.0020000000004074536,674.8272064470028,,,,,62.10268977005824,,0.7806669784088951,,0.37849064936214505,17.73720050658778,0.6583591342386016
0.3239999999996144,0.32609894871712,-3.9661273956299,6.0507335662842,0.0020000000004074536,674.4834718255554,,,,,62.49394839512854,,0.759737551540961,,0.3379315751417574,17.8621884034035,0.6554787700006973
0.3279999999995198,0.33328899741173,-3.9507369995117,6.0662279129028,0.0039999999999054126,674.1397372041079,,,,,62.88520702019885,,0.7388081246730268,,0.2973725009213699,18.11372923147835,0.6512674855338894
0.3300099999996746,0.32727134227753,-3.9350714683533,6.0783166885376,0.0020100000001548324,673.7960025826604,,,,,63.27646564526915,,0.7178786978050926,,0.25681342670098234,18.24091492743514,0.6473949400783936
0.3319999999994252,0.32972592115402,-3.9228518009186,6.0923466682434,0.00198999999975058,673.452267961213,,,,,63.667724270339455,,0.6969492709371584,,0.21625435248059477,18.367613698717236,0.6438983226884677
0.33399999999892316,0.33420252799988004,-3.9307789802551003,6.1037321090698,0.001999999999497959,673.1085333397655,,,,,64.05898289540976,,0.6760198440692242,,0.1756952782602072,18.495731664475894,0.6439959863923558
0.3359999999993306,0.34127935767174,-3.91307580471035,6.122598171234101,,672.764798718318,170.51033467528364,285.2984401068679,0.04800000000068394,-0.0030936115930271235,64.45024152048006,-3.144434002610996e-05,0.65509041720129,6.486537794003766e-06,0.1351362040398196,18.624632147543114,0.6391351188983724
0.3500099999992017,0.34835618734359997,-3.8953726291656,6.1414642333984,0.016010000000278524,672.5467952481275,,,,,64.69529771468522,,0.6305171594938515,,0.1995064708945098,19.531013268517512,0.634274251404389
0.35199999999895226,0.35178193449974,-3.8876898288727,6.1344695091248,0.00198999999975058,672.3287917779371,,,,,64.94035390889039,,0.6059439017864129,,0.26387673774919995,19.660244572780005,0.6337450733253956
0.3539999999993597,0.34961280226707003,-3.8905186653137003,6.1299438476562,0.0020000000004074536,672.1107883077466,,,,,65.18541010309555,,0.5813706440789743,,0.3282470046038901,19.790615393012757,0.6346744378092876
0.35799999999926513,0.35535848140717,-3.8947417736052996,6.117657661438,0.0039999999999054126,671.8927848375561,,,,,65.4304662973007,,0.5567973863715358,,0.3926172714585803,20.05233725819577,0.6366393788517111
0.3599999999996726,0.35183939337729997,-3.8909764289855997,6.1037025451660005,0.0020000000004074536,671.6747813673657,,,,,65.67552249150586,,0.5322241286640972,,0.45698753831327044,20.183688303205543,0.6374780553595568
0.363999999999578,0.35278898477554,-3.8885812759398997,6.0642395019531,0.0039999999999054126,671.4567778971751,,,,,65.92057868571102,,0.5076508709566586,,0.5213578051679607,20.447370617942152,0.6412314808291313
0.36599999999907595,0.3519686460495,-3.8843340873718,6.0394525527954,0.001999999999497959,671.2387744269846,,,,,66.16563487991618,,0.48307761324922005,,0.5857280720226509,20.579701887668765,0.6431599641550144
0.3679999999994834,0.35359376668930004,-3.8852276802063,6.0167813301086,0.0020000000004074536,671.0207709567942,,,,,66.41069107412135,,0.4585043555417815,,0.650098338877341,20.712523269844066,0.6457319066531829
0.37000999999963824,0.35102331638335993,-3.8934736251831,5.9902234077454,0.0020100000001548324,670.8027674866037,,,,,66.65574726832651,,0.4339310978343429,,0.7144686057320312,20.846501321863723,0.6499713550163775
0.3739999999988868,0.35078689455986,-3.8920533657073997,5.927544116973901,0.003989999999248539,670.5847640164131,,,,,66.90080346253167,,0.40935784012690435,,0.7788388725867214,21.11343552762895,0.6566047065870427
0.37599999999929423,0.34886503219604,-3.9013857841492,5.8909602165222,0.0020000000004074536,670.3667605462227,,,,,67.14585965673683,,0.3847845824194657,,0.8432091394414115,21.247727246969784,0.6622665305406579
0.3779999999997017,0.34943270683289,-3.8912870883942,5.844070434570299,0.0020000000004074536,670.1487570760322,,,,,67.39091585094198,,0.36021132471202716,,0.9075794062961018,21.382509078699126,0.6658521884636247
0.37999999999919964,0.3443830609321599,-3.8877756595612003,5.800281047821,0.001999999999497959,669.9307536058417,,,,,67.63597204514714,,0.3356380670045886,,0.971949673150792,21.517781022755464,0.6702736690701784
0.38399999999910506,0.34545177221298,-3.8995702266692995,5.7072558403015,0.0039999999999054126,669.7127501356513,,,,,67.8810282393523,,0.31106480929715,,1.036319940005482,21.789305135706453,0.6832653618106062
0.38400000000001455,0.341732680797575,-3.89850401878355,5.6861946582794,,669.4947466654608,170.49658308080714,285.24560697693784,0.04800000000068394,-0.003270052052857353,68.12608443355747,-1.3751594476502094e-05,0.28649155158971146,-5.283312993004108e-05,1.1006902068601723,21.789305135768412,0.6856173219761664
0.3859999999995125,0.33801358938216997,-3.8974378108977996,5.6651334762573,0.0020000000004074536,669.326106874596,,,,,67.6319966786691,,0.3520777769802274,,1.0917544433062734,21.924569129091797,0.6879692821417267
0.38799999999901047,0.33346626162529,-3.8990859985352,5.618356704711901,0.001999999999497959,669.1574670837314,,,,,67.13790892378074,,0.4176640023707433,,1.0828186797523747,22.05884494690565,0.6939904679361469
0.3900099999991653,0.33536112308502003,-3.8953659534454,5.5635113716125,0.0020100000001548324,668.9888272928666,,,,,66.64382116889237,,0.48325022776125925,,1.0738829161984758,22.192799027465444,0.7001632050796702
0.3999999999996362,0.31537395715714,-3.8925397396087997,5.285762786865201,0.0099900000004709,668.820187502002,,,,,66.149733414004,,0.5488364531517752,,1.064947152644577,22.853634864302492,0.7364196799147938
0.40199999999913416,0.30989047884940996,-3.8954339027405,5.2336826324463,0.001999999999497959,668.6515477111373,,,,,65.65564565911565,,0.6144226785422912,,1.0560113890906782,22.98494615558776,0.7443007488820004
0.4059999999990396,0.30686047673225003,-3.9182164669037003,5.1255125999450994,0.0039999999999054126,668.4829079202726,,,,,65.16155790422728,,0.680008903932807,,1.0470756255367792,23.245592387198506,0.7644535820564892
0.407999999999447,0.29977077245712,-3.9094672203064,5.0791993141174006,0.0020000000004074536,668.3142681294079,,,,,64.66747014933891,,0.745595129323323,,1.0381398619828806,23.374927327523533,0.76970147823107
0.41000999999960186,0.29475349187851,-3.9137434959412003,5.0284733772278,0.0020100000001548324,668.1456283385432,,,,,64.17338239445056,,0.8111813547138389,,1.0292040984289816,23.503915826146315,0.7783164396703734
0.41199999999935244,0.29422825574875,-3.9190149307251,4.9791269302367995,0.00198999999975058,667.9769885476785,,,,,63.67929463956219,,0.8767675801043548,,1.0202683348750827,23.630637622463162,0.7870887779393722
0.41599999999925785,0.27927047014236,-3.9117529392242,4.889340877533,0.0039999999999054126,667.8083487568139,,,,,63.185206884673825,,0.9423538054948708,,1.011332571321184,23.88337844999588,0.800057315946018
0.4179999999996653,0.27488407492638,-3.9272770881653,4.854944229126,0.0020000000004074536,667.6397089659491,,,,,62.69111912978546,,1.0079400308853868,,1.0023968077672851,24.008760688280997,0.8089232137013239
0.41999999999916326,0.27257794141769,-3.9302704334258998,4.8147959709167,0.001999999999497959,667.4710691750845,,,,,62.197031374897094,,1.0735262562759027,,0.9934610442133863,24.133154750999566,0.8162901309144376
0.4219999999995707,0.26478108763695,-3.9376044273376,4.7857813835144,0.0020000000004074536,667.3024293842197,,,,,61.70294362000873,,1.1391124816664187,,0.9845252806594875,24.256560638264723,0.8227714790528212
0.4239999999990687,0.25971952080727,-3.9504463672637997,4.7636475563049006,0.001999999999497959,667.1337895933551,,,,,61.20885586512037,,1.2046987070569346,,0.9755895171055887,24.378978349964235,0.8292902278287165
0.42599999999947613,0.25598096847534,-3.9403519630432005,4.736020565033,0.0020000000004074536,666.9651498024904,,,,,60.714768110232,,1.2702849324474506,,0.9666537535516899,24.500407886209437,0.8319963794362757
0.4300099999991289,0.23904801905155,-3.9593000411987003,4.707528591156,0.004009999999652791,666.7965100116257,,,,,60.22068035534364,,1.3358711578379665,,0.957717989997791,24.741892814413458,0.8410570354552936
0.43199999999797,0.239526346325875,-3.9624630212783503,4.703579902648899,,666.627870220761,170.42931312641505,285.2911485238052,0.047999999997955456,-0.0028668764446997397,59.72659260045528,-6.726995439210182e-05,1.4014573832284825,4.5541546867367e-05,0.9487822264438922,24.860748733619147,0.8424367293150707
0.4319999999988795,0.2400046736002,-3.9656260013580003,4.6996312141417995,0.00198999999975058,666.4529743181222,,,,,60.05211320528439,,1.325763537540768,,0.9134425280418852,24.860748733673763,0.8438164231748477
0.43399999999928696,0.23161959648132,-3.9653375148773,4.70334815979,0.0020000000004074536,666.2780784154834,,,,,60.37763381011351,,1.2500696918530536,,0.8781028296398783,24.98150400131859,0.8430882384548688
0.4359999999996944,0.22245839238167003,-3.9776606559753,4.7205600738525,0.0020000000004074536,666.1031825128446,,,,,60.70315441494263,,1.174375846165339,,0.8427631312378713,25.10291031017321,0.8426247296391439
0.4399999999995998,0.21596777439117,-3.9781155586242996,4.766640663147,0.0039999999999054126,665.9282866102058,,,,,61.02867501977175,,1.0986820004776248,,0.8074234328358643,25.347025010246526,0.8345742504529163
0.4459999999990032,0.20067891478539002,-3.9926996231079,4.8915824890137,0.0059999999994033715,665.7533907075668,,,,,61.35419562460086,,1.0229881547899102,,0.7720837344338574,25.715150183957526,0.8162388413310712
0.4500099999995655,0.18699450790882002,-3.9946777820587003,5.0172052383423,0.004010000000562286,665.578494804928,,,,,61.67971622942998,,0.9472943091021958,,0.7367440360318503,25.962485846072223,0.7961958086806419
0.45199999999931606,0.18465907871723,-3.9929263591765998,5.0985350608825994,0.00198999999975058,665.4035989022892,,,,,62.005236834259094,,0.8716004634144814,,0.7014043376298433,26.085876267356934,0.7831516919068495
0.4540099999994709,0.18121686577797,-3.9820811748505003,5.1851873397827,0.0020100000001548324,665.2287029996504,,,,,62.33075743908822,,0.795906617726767,,0.6660646392278364,26.211161089819154,0.7679724788916461
0.4559999999992215,0.17182537913322002,-3.9820666313171,5.2808113098145,0.00198999999975058,665.0538070970116,,,,,62.65627804391733,,0.7202127720390525,,0.6307249408258295,26.33584708311092,0.7540634189894921
0.4579999999996289,0.17494338750839003,-3.9837465286255003,5.383338928222701,0.0020000000004074536,664.8789111943728,,,,,62.98179864874645,,0.6445189263513381,,0.5953852424238225,26.461810680434077,0.7400140659434064
0.46199999999953434,0.16711100935936,-3.9675025939941,5.616788387298599,0.0039999999999054126,664.704015291734,,,,,63.307319253575564,,0.5688250806636237,,0.5600455440218155,26.71503995744239,0.7063649759292917
0.4639999999990323,0.15909913182259,-3.9502608776093,5.7457432746887,0.001999999999497959,664.5291193890952,,,,,63.63283985840469,,0.49313123497590916,,0.5247058456198086,26.842305637127254,0.6875108560821179
0.46599999999943975,0.16106122732161998,-3.9364507198334,5.8732900619507005,0.0020000000004074536,664.3542234864564,,,,,63.9583604632338,,0.41743738928819474,,0.4893661472178016,26.97022235807978,0.6702292374992941
0.4679999999989377,0.16023153066635,-3.9269843101501,6.0165920257568,0.001999999999497959,664.1793275838174,,,,,64.28388106806293,,0.3417435436004803,,0.45402644881579457,27.098790120183633,0.6526924699794884
0.4719999999988431,0.15396393835545003,-3.8815891742706,6.3117561340332005,0.0039999999999054126,664.0044316811786,,,,,64.60940167289203,,0.266049697912766,,0.41868675041378767,27.35722772686909,0.6149776847905991
0.4739999999992506,0.15442600846291,-3.8569021224976003,6.4782152175903,0.0020000000004074536,663.8295357785398,,,,,64.93492227772116,,0.19035585222505147,,0.38334705201178065,27.48709757145099,0.5953649258247785
0.4760099999994054,0.15460973978043,-3.8438563346862997,6.6441068649292,0.0020100000001548324,663.654639875901,,,,,65.26044288255027,,0.11466200653733694,,0.34800735360977364,27.618271061655022,0.5785361994967341
0.47999999999956344,0.15698847174644,-3.7897896766662997,6.974726200103801,0.003990000000158034,663.4797439732622,170.43118359813587,285.2761404763547,0.048000000001593435,-0.003148126247498717,65.58596348737939,1.8704717208439803e-06,0.038968160849622645,-1.5008047450471018e-05,0.31266765520776674,27.87995905598003,0.5433603510643756
0.4820099999988088,0.15717062354088002,-3.756927728653,7.1379709243774006,0.0020099999992453377,663.2950102308484,,,,,65.57658526881903,,0.06285396967562457,,0.3327923146819513,28.01176799232087,0.52632992883488
0.48399999999946886,0.15889725089073,-3.7272052764892996,7.3003749847412,0.001990000000660075,663.1102764884347,,,,,65.56720705025867,,0.08673977850162648,,0.3529169741561359,28.142246734394163,0.5105498394643668
0.4859999999989668,0.16307562589645003,-3.6930084228516002,7.4597043991089,0.001999999999497959,662.9255427460208,,,,,65.55782883169832,,0.1106255873276284,,0.3730416336303204,28.273362392024648,0.4950609602295701
0.4940099999994345,0.17327082157135001,-3.5676124095917006,8.0593948364258,0.008010000000467699,662.7408090036071,,,,,65.54845061313796,,0.1345113961536303,,0.39316629310450496,28.79840548146654,0.44266504892740477
0.4959999999991851,0.17381155490874997,-3.5277326107024995,8.1901998519897,0.00198999999975058,662.5560752611933,,,,,65.5390723945776,,0.15839720497963222,,0.41329095257868953,28.9288282355154,0.4307260719462766
0.4999999999990905,0.18232545256615,-3.4660284519196005,8.4289770126343,0.0039999999999054126,662.3713415187796,,,,,65.52969417601724,,0.18228301380563414,,0.4334156120528741,29.19094701221327,0.41120392744271655
0.501999999999498,0.18702082335949,-3.4364657402038996,8.5265655517578,0.0020000000004074536,662.1866077763658,,,,,65.52031595745689,,0.20616882263163605,,0.45354027152705867,29.32198764415488,0.4030304721571574
0.5039999999989959,0.18721042573452,-3.4056701660156,8.6165733337402,0.001999999999497959,662.001874033952,,,,,65.51093773889653,,0.23005463145763796,,0.4736649310012432,29.453009519599785,0.3952464667920721
0.5059999999994034,0.18991565704345997,-3.3754127025604,8.6957263946533,0.0020000000004074536,661.8171402915382,,,,,65.50155952033616,,0.2539404402836399,,0.4937895904754278,29.584012638667147,0.38816914762127563
0.5100199999988035,0.19868010282516,-3.3293890953064,8.8040075302124,0.00401999999940017,661.6324065491244,,,,,65.4921813017758,,0.27782624910964177,,0.5139142499496123,29.847291207461,0.37816745202466645
0.5119999999988067,0.20047110319138,-3.3102946281433,8.834050178527802,0.0019800000000032014,661.4476728067107,,,,,65.48280308321544,,0.3017120579356437,,0.534038909423797,29.976947157565977,0.3747199258828482
0.5139999999992142,0.20368432998657,-3.2886652946472,8.847579002380401,0.0020000000004074536,661.2629390642969,,,,,65.47342486465509,,0.3255978667616456,,0.5541635688979815,30.107894007321963,0.371702280789174
0.5179999999991196,0.20939323306083998,-3.2644579410552996,8.8419780731201,0.0039999999999054126,661.0782053218832,,,,,65.46404664609473,,0.3494836755876475,,0.574288228372166,30.36975019390015,0.3691999588846932
0.5199999999995271,0.21159806847572,-3.2583050727844,8.8130693435669,0.0020000000004074536,660.8934715794694,,,,,65.45466842753437,,0.3733694844136494,,0.5944128878463506,30.50065953078189,0.3697128600449286
0.521999999999025,0.21348869800568,-3.2487328052521,8.762021064758299,0.001999999999497959,660.7087378370555,,,,,65.44529020897401,,0.39725529323965136,,0.6145375473205351,30.63155011116698,0.37077436601000874
0.5239999999994325,0.21541434526443,-3.2475390434265,8.7074394226074,0.0020000000004074536,660.5240040946418,,,,,65.43591199041366,,0.42114110206565325,,0.6346622067947196,30.76242193517447,0.37296142824661077
0.5279999999993379,0.21769909560679998,-3.2489993572235,8.5459489822388,0.0039999999999054126,660.339270352228,170.4098223064132,285.24471070677396,0.047999999999774445,-0.003140473621034201,65.4265337718533,-2.1361291722699072e-05,0.4450269108916552,-3.1429769580759714e-05,0.6547868662689043,31.024128070255696,0.3801800553661102
0.5300099999994927,0.21672818064689997,-3.2533657550812,8.444972038269,0.0020100000001548324,660.1189222104841,,,,,65.34379621736043,,0.49434978698863513,,0.6567548743420526,31.155469100662707,0.3852429280213526
0.5319999999992433,0.21800553798676003,-3.2719249725342,8.330940246582001,0.00198999999975058,659.8985740687401,,,,,65.26105866286758,,0.5436726630856151,,0.6587228824152008,31.285338607385537,0.3927437810968093
0.5359999999991487,0.21956680715084,-3.2926635742188,8.068509101867699,0.0039999999999054126,659.6782259269962,,,,,65.17832110837472,,0.5929955391825951,,0.6606908904883492,31.54605189181287,0.40808822703770814
0.5439999999989595,0.21406380832195002,-3.3902518749237003,7.4507927894592,0.007999999999810825,659.4578777852522,,,,,65.09558355388185,,0.642318415279575,,0.6626588985614975,32.06681656023161,0.45501894506044566
0.545999999999367,0.21032235026360002,-3.4132988452911,7.28360414505,0.0020000000004074536,659.2375296435083,,,,,65.01284599938899,,0.691641291376555,,0.6646269066346459,32.19684225225688,0.4686277256858896
0.547999999998865,0.20911899209023002,-3.4494535923004,7.1133823394775,0.001999999999497959,659.0171815017643,,,,,64.93010844489613,,0.740964167473535,,0.6665949147077941,32.326702469114075,0.48492453064933566
0.5520099999994272,0.20583198964596,-3.5105590820312,6.7732901573181,0.004010000000562286,658.7968333600204,,,,,64.84737089040327,,0.7902870435705149,,0.6685629227809424,32.58674042642105,0.518294506878355
0.5540099999989252,0.20200845599174,-3.5440897941588996,6.6102771759033,0.001999999999497959,658.5764852182765,,,,,64.7646333359104,,0.8396099196674949,,0.6705309308540908,32.71626969306036,0.536148439747475
0.5559999999995853,0.20332188904284998,-3.5827503204346,6.452372550964401,0.001990000000660075,658.3561370765325,,,,,64.68189578141755,,0.8889327957644748,,0.672498938927239,32.84498666570808,0.5552609202484915
0.5680099999990489,0.19147607684135,-3.8323218822479,5.6163167953491,0.012009999999463616,658.1357889347886,,,,,64.59915822692469,,0.9382556718614548,,0.6744669470003873,33.62082255597879,0.6823550062954897
0.5699999999987995,0.18969711661339,-3.8607444763184,5.5104899406433,0.00198999999975058,657.9154407930446,,,,,64.51642067243182,,0.9875785479584347,,0.6764349550735357,33.74921023310084,0.7006172804786379
0.5720099999989543,0.18755950033664998,-3.902147769928,5.4302673339844,0.0020100000001548324,657.6950926513007,,,,,64.43368311793895,,1.0369014240554146,,0.678402963146684,33.878721936177875,0.718592203648442
0.5739999999996144,0.18882824480534,-3.9570088386536004,5.3512172698975,0.001990000000660075,657.4747445095567,,,,,64.3509455634461,,1.0862243001523946,,0.6803709712198323,34.00678031789161,0.7394595732289141
0.5759999999991123,0.1916196346283,-3.9999160766602,5.2846174240112,0.001999999999497959,657.2543963678128,170.35531604195347,285.21195843576805,0.047999999999774445,-0.0030848739844152595,64.26820800895324,-5.450626445971385e-05,1.1355471762493745,-3.275227100590916e-05,0.6823389792929806,34.135316733877254,0.7568979465734212
0.5779999999995198,0.19027395546435996,-4.032383441925,5.2353167533875,0.0020000000004074536,656.9775257156535,,,,,64.68066259499527,,1.087348946630499,,0.691918718783709,34.2646780590936,0.7702272148702092
0.58201999999892,0.19256740808486997,-4.118323802948,5.1693482398987,0.00401999999940017,656.7006550634942,,,,,65.0931171810373,,1.0391507170116236,,0.7014984582744374,34.52635239012232,0.7966814406430284
0.5859999999993306,0.19480335712433,-4.1943879127502,5.1479167938232,0.003980000000410655,656.423784411335,,,,,65.50557176707933,,0.9909524873927482,,0.7110781977651658,34.787064565782195,0.8147738358519886
0.5879999999988286,0.19771277904509998,-4.2263989448547,5.156752109527599,0.001999999999497959,656.1469137591756,,,,,65.91802635312136,,0.9427542577738728,,0.7206579372558942,34.918900618455346,0.8195854396502826
0.589999999999236,0.20192591845989,-4.266075134277299,5.1727499961853,0.0020000000004074536,655.8700431070164,,,,,66.3304809391634,,0.8945560281549974,,0.7302376767466225,35.0515615803607,0.8247209197087356
0.5919999999996435,0.20590105652809,-4.306519985199,5.2011456489563,0.0020000000004074536,655.593172454857,,,,,66.74293552520544,,0.8463577985361219,,0.739817416237351,35.1850474514383,0.8279944988779883
0.5999999999994543,0.22151403129101,-4.4432640075684,5.393844604492201,0.007999999999810825,655.3163018026978,,,,,67.15539011124747,,0.7981595689172465,,0.7493971557280794,35.72229057231558,0.8237656687157578
0.6019999999989523,0.22613564133643999,-4.4757270812988,5.4564075469971005,0.001999999999497959,655.0394311505386,,,,,67.5678446972895,,0.749961339298371,,0.7589768952188077,35.85742626167624,0.8202699381870747
0.6059999999988577,0.23612749576568998,-4.526948928833,5.5855870246887,0.0039999999999054126,654.7625604983792,,,,,67.98029928333153,,0.7017631096794956,,0.7685566347095362,36.12934745880313,0.8104696800575404
0.6079999999992651,0.24159830808639998,-4.55619764328,5.647876739501999,0.0020000000004074536,654.48568984622,,,,,68.39275386937356,,0.6535648800606202,,0.7781363742002646,36.26613296656974,0.8067098227221123
0.6099999999996726,0.24701552093029,-4.5790448188782005,5.709796905517599,0.0020000000004074536,654.2088191940607,,,,,68.8052084554156,,0.6053666504417448,,0.7877161136909929,36.40374338350861,0.8019628184066041
0.6239999999979773,0.26978848129511,-4.5889081954956,5.57409143447875,,653.9319485419014,170.3285719577546,285.2502286367199,0.04799999999886495,-0.003322447825911401,69.21766304145763,-2.6744084198865314e-05,0.5571684208228693,3.827020095181766e-05,0.7972958531817214,37.37279066597167,0.8237880657213119
0.6499999999996362,0.29256144165993,-4.598771572113,5.4383859634399006,0.03999999999996362,653.6203352547703,,,,,68.78784021899327,,0.5070979395569132,,0.789925183957794,39.16127451177961,0.8456133130360196
0.6519999999991342,0.28797793388367,-4.5818920135498,5.3385381698608,0.001999999999497959,653.3087219676393,,,,,68.35801739652891,,0.45702745829095703,,0.7825545147338666,39.29799054653835,0.8582671637373104
0.654009999999289,0.28377324342728005,-4.556780338287401,5.235713481903099,0.0020100000001548324,652.9971086805083,,,,,67.92819457406455,,0.4069569770250009,,0.7751838455099392,39.43452621764274,0.87032652837815
0.6559999999990396,0.27968880534171997,-4.5366811752319,5.1293497085571,0.00198999999975058,652.6854953933772,,,,,67.49837175160019,,0.35688649575904474,,0.7678131762860119,39.56884797741159,0.884455424761452
0.657999999999447,0.27626317739487,-4.5218281745911,5.0160117149353,0.0020000000004074536,652.3738821062461,,,,,67.06854892913583,,0.3068160144930886,,0.7604425070620846,39.70298507529719,0.9014787906350465
0.6620099999990998,0.2655331492424,-4.4705662727356,4.7888631820679,0.004009999999652791,652.062268819115,,,,,66.63872610667146,,0.25674553322713245,,0.7530718378381572,39.970206366961804,0.9335339312836967
0.6639999999988504,0.25851342082024,-4.4474978446960005,4.6752986907959,0.00198999999975058,651.750655531984,,,,,66.2089032842071,,0.2066750519611763,,0.7457011686142299,40.10196208448086,0.9512756593395063
0.6659999999992579,0.25293472409248,-4.4327583312988,4.5709381103516,0.0020000000004074536,651.439042244853,,,,,65.77908046174274,,0.15660457069522016,,0.7383304993903025,40.233520245431144,0.969769929997549
0.6699999999991633,0.23957681655884003,-4.393397808075,4.3705406188964995,0.0039999999999054126,651.1274289577219,,,,,65.34925763927838,,0.10653408942926401,,0.7309598301663751,40.494917275982075,1.0052298310830645
0.6719999999995707,0.23251472413539997,-4.3775162696838,4.283031940460201,0.0020000000004074536,650.8158156705908,170.32586170456267,285.2154963569935,0.048000000001593435,-0.0031161328713105174,64.91943481681402,-2.7102531919287465e-06,0.05646360816330782,-3.473227972639048e-05,0.7235891609424477,40.62475614564215,1.0220601505048423
0.6740099999988161,0.22779682278632998,-4.3729372024536,4.2075176239014,0.0020099999992453377,650.4585201802178,,,,,64.24816151418618,,0.15981547928679024,,0.8755716868512932,40.75389495023718,1.0393152431762878
0.703999999998814,0.13968843221664,-4.3720307350159,4.4310054779053,0.029989999999997963,650.1012246898447,,,,,63.57688821155835,,0.26316735041027267,,1.0275542127601387,42.66056582770169,0.9866904378287342
0.7059999999992215,0.13569222390652,-4.38929271698,4.5569381713867,0.0020000000004074536,649.7439291994716,,,,,62.90561490893052,,0.36651922153375505,,1.179536738668984,42.78637705754518,0.9632109438176369
0.7099999999991269,0.1349221020937,-4.4238877296448,4.8230271339417,0.0039999999999054126,649.3866337090985,,,,,62.23434160630268,,0.4698710926572375,,1.3315192645778295,43.03531442396451,0.9172429693608842
0.7119999999995343,0.12864975631237,-4.430593490600599,4.974034786224401,0.0020000000004074536,649.0293382187256,,,,,61.56306830367484,,0.5732229637807199,,1.4835017904866747,43.158440560596944,0.8907443717263773
0.7140099999996892,0.1281480640173,-4.4437732696533,5.132802486419701,0.0020100000001548324,648.6720427283525,,,,,60.89179500104701,,0.6765748349042023,,1.6354843163955204,43.28083306855848,0.8657596471733667
0.7179999999989377,0.12786543369293,-4.4812803268433,5.462918758392299,0.003989999999248539,648.3147472379794,,,,,60.22052169841918,,0.7799267060276848,,1.7874668423043656,43.52111295008992,0.8203087992035435
0.7199999999993452,0.12425774335860999,-4.4928350448608,5.6369199752808,0.0020000000004074536,647.9574517476063,170.28346433285964,285.3085899266673,0.047999999999774445,-0.0028583639229845526,59.54924839579134,-4.2397371703056796e-05,0.8832785771511672,9.309356967379667e-05,1.939449368213211,43.64021144690577,0.7970372232642866
0.7219999999988431,0.12465756386518,-4.5042634010315,5.8120160102844,0.001999999999497959,647.6722861044711,,,,,60.07663125848713,,0.8988267761673464,,1.9371686357873648,43.76036470939258,0.7749915679965742
0.7260099999994054,0.12663038074969998,-4.538068294525099,6.169675350189201,0.004010000000562286,647.387120461336,,,,,60.60401412118292,,0.9143749751835255,,1.9348879033615183,44.0033868060526,0.7355440986673527
0.727999999999156,0.12521685659885,-4.542670249939,6.3532242774963,0.00198999999975058,647.1019548182009,,,,,61.131396983878716,,0.9299231741997047,,1.932607170935672,44.12503828603528,0.7150180839718744
0.7299999999995634,0.12508225440979,-4.5504727363586,6.5321626663208,0.0020000000004074536,646.8167891750658,,,,,61.65877984657451,,0.9454713732158839,,1.9303264385098258,44.24835584575355,0.6966257530328199
0.7319999999990614,0.12830413877964,-4.5690298080444,6.705081462860099,0.001999999999497959,646.5316235319306,,,,,62.186162709270306,,0.9610195722320631,,1.9280457060839795,44.37272817114087,0.6814279339263163
0.7360099999996237,0.12834163010119998,-4.5876569747925,7.0329113006592,0.004010000000562286,646.2464578887955,,,,,62.713545571966094,,0.9765677712482422,,1.925764973658133,44.62420948891972,0.6523126453141099
0.7379999999993743,0.12824429571628998,-4.5865683555603,7.1921749114989995,0.00198999999975058,645.9612922456603,,,,,63.24092843466189,,0.9921159702644214,,1.9234842412322868,44.75005893648892,0.6377164643517219
0.7399999999988722,0.13019414246082,-4.6051392555237,7.342875480651901,0.001999999999497959,645.6761266025252,,,,,63.768311297357684,,1.0076641692806005,,1.9212035088064405,44.87759555905162,0.6271574763398896
0.7439999999996871,0.1340207606554,-4.6230916976929,7.612027645111099,0.004000000000814907,645.39096095939,,,,,64.29569416005347,,1.0232123682967798,,1.9189227763805943,45.13477833574423,0.6073403714793557
0.7599999999993088,0.13852603733539998,-4.64954662323,8.243746757507301,0.01599999999962165,645.1057953162549,,,,,64.82307702274927,,1.038760567312959,,1.9166420439547478,46.171947568083695,0.5640089100257496
0.7679999999991196,0.13914003968239003,-4.6589860916138,8.2371873855591,0.007999999999810825,644.8206296731197,170.23285751207607,285.2167005837143,0.047999999999774445,-0.0031368220744866226,65.35045988544506,-5.0606820783560824e-05,1.0543087663291382,-9.188934295295548e-05,1.9143613115289015,46.69475124715489,0.5656039948516445
0.7699999999995271,0.13742572069168,-4.6539187431335005,8.2134313583374,0.0020000000004074536,644.6528381395307,,,,,65.00197213615463,,1.0013967801926598,,1.8086105726936983,46.82475519145368,0.5666229545352367
0.771999999999025,0.13340803980827,-4.6584844589233,8.1651802062988,0.001999999999497959,644.4850466059416,,,,,64.6534843868642,,0.9484847940561812,,1.7028598338584953,46.95406216019495,0.5705305138678559
0.7759999999989304,0.13205102086067,-4.6707897186279,8.0400400161743,0.0039999999999054126,644.3172550723527,,,,,64.30499663757378,,0.8955728079197027,,1.597109095023292,47.211282146739165,0.5809411034312745
0.7779999999993379,0.12868082523346,-4.672359943389901,7.9755082130432,0.0020000000004074536,644.1494635387637,,,,,63.956508888283345,,0.8426608217832243,,1.4913583561880888,47.33919516454179,0.5858385219575966
0.7799999999988358,0.12601554393768,-4.6647825241089,7.8957133293152,0.001999999999497959,643.9816720051747,,,,,63.60802113899292,,0.7897488356467459,,1.3856076173528855,47.466411206787846,0.5907993780358639
0.7839999999996508,0.12231314182281,-4.6840200424194,7.6983332633972,0.004000000000814907,643.8138804715857,,,,,63.25953338970249,,0.7368368495102674,,1.2798568785176823,47.71944934039821,0.6084459950168989
0.7859999999991487,0.11990256607533001,-4.685875415802,7.595169067382799,0.001999999999497959,643.6460889379968,,,,,62.911045640412055,,0.6839248633737889,,1.1741061396824792,47.84527143164745,0.616954721380112
0.7899999999990541,0.11341474950314,-4.6953635215759,7.382892131805401,0.0039999999999054126,643.4782974044077,,,,,62.56255789112163,,0.6310128772373105,,1.068355400847276,48.095521663206014,0.6359788871014838
0.7919999999994616,0.11078602075577,-4.6988334655762,7.2659611701964995,0.0020000000004074536,643.3105058708187,,,,,62.2140701418312,,0.5781008911008321,,0.9626046620120727,48.21994980351503,0.6466912436650313
0.7940099999996164,0.10762173682450998,-4.7016134262085005,7.152018547058099,0.0020100000001548324,643.1427143372297,,,,,61.86558239254077,,0.5251889049643536,,0.8568539231768695,48.34429962413361,0.6573827228317879
0.7960099999991144,0.10364027321339,-4.7032737731934,7.0411624908447,0.001999999999497959,642.9749228036408,,,,,61.51709464325034,,0.47227691882787504,,0.7511031843416665,48.46733381338923,0.6679683616602871
0.7999999999992724,0.10276738554239,-4.7208709716797,6.8182468414307,0.003990000000158034,642.8071312700517,,,,,61.16860689395991,,0.41936493269139663,,0.6453524455064632,48.7113965549058,0.6923878060550095
0.8019999999996799,0.09923955798149099,-4.7211966514587,6.7033104896545,0.0020000000004074536,642.6393397364627,,,,,60.82011914466948,,0.3664529465549182,,0.53960170667126,48.83303679321992,0.7043082158800671
0.8039999999991778,0.095489770174026,-4.715202808380099,6.598838806152299,0.001999999999497959,642.4715482028737,,,,,60.471631395379056,,0.3135409604184397,,0.4338509678360569,48.95398005598032,0.7145503848319452
0.8079999999990832,0.09897105395793902,-4.7456808090210005,6.4021501541138,0.0039999999999054126,642.3037566692848,,,,,60.12314364608862,,0.2606289742819612,,0.32810022900085367,49.194472630558984,0.7412635903223217
0.8099999999994907,0.10075841099024,-4.7463264465332005,6.305380821228,0.0020000000004074536,642.1359651356958,,,,,59.774655896798194,,0.20771698814548278,,0.22234949016565042,49.31402194237693,0.7527422341492822
0.8159999999979846,0.111007381230595,-4.76252031326295,6.04427862167355,,641.9681736021067,170.2254268719798,285.2222973237781,0.04799999999886495,-0.002852456071012921,59.42616814750777,-7.430640096256491e-06,0.15480500200900424,5.596740063729122e-06,0.11659875133044724,49.67057895117247,0.7895276448363915
0.8259999999991123,0.12125635147095,-4.778714179992701,5.7831764221191,0.01599999999962165,641.7785097485387,,,,,59.6633629208239,,0.19968946396275727,,0.14435940031087438,50.267212580447996,0.8263130555235009
0.8279999999995198,0.12268686294556,-4.7782049179077,5.7551631927489995,0.0020000000004074536,641.5888458949707,,,,,59.900557694140026,,0.24457392591651028,,0.17212004929130154,50.38701369586068,0.8302466425153362
0.8299999999990177,0.12927296757698,-4.7773175239563,5.7344741821289,0.001999999999497959,641.3991820414028,,,,,60.13775246745615,,0.28945838787026335,,0.19988069827172866,50.5072892007654,0.8330872844182446
0.8320099999991726,0.13801434636116,-4.791054725647,5.7119102478027,0.0020100000001548324,641.2095181878348,,,,,60.374947240772286,,0.33434284982401635,,0.22764134725215582,50.6286428447287,0.8387832647563149
0.8339999999989232,0.14552028477192003,-4.7992963790894,5.6874313354492,0.00198999999975058,641.0198543342667,,,,,60.61214201408842,,0.37922731177776936,,0.255401996232583,50.74926100732162,0.8438425180055991
0.8379999999988286,0.15876621007919,-4.8020014762878,5.6729445457458,0.0039999999999054126,640.8301904806988,,,,,60.849336787404546,,0.4241117737315224,,0.2831626452130101,50.99265835446548,0.8464742494070158
0.8400099999989834,0.16903565824032002,-4.820040702819799,5.670176029205299,0.0020100000001548324,640.6405266271308,,,,,61.08653156072067,,0.4689962356852755,,0.3109232941934372,51.11544228291199,0.8500689710501544
0.8419999999996435,0.17907427251339,-4.829517364502,5.6680607795714995,0.001990000000660075,640.4508627735628,,,,,61.323726334036806,,0.5138806976390284,,0.3386839431738644,51.2374764983572,0.8520581469253594
0.8459999999995489,0.19369795918465,-4.8344359397888,5.683276653289799,0.0039999999999054126,640.2611989199947,,,,,61.56092110735294,,0.5587651595927815,,0.36644459215429154,51.48372018278079,0.8506423731792745
0.8479999999990468,0.20657268166542,-4.8482370376587,5.693585395813,0.001999999999497959,640.0715350664268,,,,,61.798115880669066,,0.6036496215465346,,0.39420524113471866,51.607316414511104,0.8515261826447779
0.8499999999994543,0.21686850488186,-4.8599095344542995,5.7034311294556,0.0020000000004074536,639.8818712128589,,,,,62.03531065398519,,0.6485340835002875,,0.4219658901151458,51.73138703584435,0.852102782368161
0.8520099999996091,0.22229640185833,-4.8592929840088,5.7144484519958,0.0020100000001548324,639.6922073592908,,,,,62.272505427301326,,0.6934185454540406,,0.449726539095573,51.856554771762866,0.8503520549409571
0.8559999999988577,0.24009302258492,-4.8769388198853,5.7330527305603,0.003989999999248539,639.5025435057228,,,,,62.50970020061746,,0.7383030074077936,,0.4774871880760001,52.105968475516356,0.8506704977417274
0.8579999999992651,0.25153073668479997,-4.892006397247299,5.7407035827637,0.0020000000004074536,639.3128796521548,,,,,62.746894973933586,,0.7831874693615467,,0.5052478370564273,52.23146226548979,0.8521614688372711
0.8599999999996726,0.25652775168419,-4.8857569694519,5.740275859832799,0.0020000000004074536,639.1232157985869,,,,,62.98408974724971,,0.8280719313152997,,0.5330084860368545,52.35743044500995,0.851136267446598
0.863999999999578,0.26802086830139,-4.8824234008789,5.7399759292603,0.0039999999999054126,638.9335519450188,170.1835249651015,285.24921424225977,0.048000000001593435,-0.003034621657087899,63.221284520565845,-4.190190687830553e-05,0.8729563932690527,2.6916918481723062e-05,0.5607691350172815,52.61031558308623,0.8505999783013182
0.865999999999076,0.27759164571762,-4.895662784576401,5.7326354980469,0.001999999999497959,638.5566784279566,,,,,64.04822895711415,,0.9081095408267699,,0.6402562790538983,52.738412040968306,0.8539986165602794
0.8820099999993545,0.29118847846984997,-4.822904586792,5.515749454498299,0.016010000000278524,638.1798049108944,,,,,64.87517339366246,,0.9432626883844869,,0.7197434230905151,53.777063567018914,0.8743879007881227
0.8860099999992599,0.283607006073,-4.7779850959778,5.397258281707799,0.0039999999999054126,637.8029313938322,,,,,65.70211783021077,,0.978415835942204,,0.7992305671271318,54.03987203833354,0.8852615247580761
0.8879999999990105,0.27961793541908003,-4.7510533332825,5.3337550163269,0.00198999999975058,637.42605787677,,,,,66.52906226675907,,1.013568983499921,,0.8787177111637485,54.1722648722278,0.8907520721779084
0.8899999999994179,0.27820202708244,-4.7369070053100994,5.2628407478333,0.0020000000004074536,637.0491843597077,,,,,67.35600670330739,,1.0487221310576382,,0.9582048552003654,54.30697688566186,0.9000665671406215
0.8920099999995728,0.27435320615768,-4.7131533622742,5.191645622253401,0.0020100000001548324,636.6723108426455,,,,,68.18295113985569,,1.0838752786153554,,1.0376919992369822,54.444024617463526,0.9078341830713179
0.8959999999988213,0.25462305545807,-4.635790824890099,5.0370326042175,0.003989999999248539,636.2954373255833,,,,,69.00989557640399,,1.1190284261730725,,1.117179143273599,54.71937410076152,0.9203416354717574
0.8979999999992287,0.24965631961823,-4.6184544563292995,4.9533562660217,0.0020000000004074536,635.9185638085211,,,,,69.83684001295231,,1.1541815737307894,,1.1966662873102156,54.85904778081588,0.9323889113347832
0.9119999999993524,0.163197018206122,-4.3130099773407,4.2264688014984,,635.5416902914588,170.1264368984799,285.18795887755545,0.047999999999774445,-0.003391861653560091,70.66378444950061,-5.708806662158006e-05,1.1893347212885066,-6.12553647043601e-05,1.2761534313468323,55.848340763117626,1.0387723031958735
0.9359999999996944,0.076737716794014,-4.0075654983521005,3.4995813369751,0.03800000000046566,635.2633157895632,,,,,70.03927283441035,,1.084243849562426,,1.3410518757460848,57.529283311167426,1.1451556950569641
0.9379999999991924,0.07089474797248799,-3.9942791461944998,3.483193397522,0.001999999999497959,634.9849412876675,,,,,69.41476121932008,,0.9791529778363455,,1.4059503201453372,57.668112833571215,1.1467290759784095
0.9399999999995998,0.071789436042309,-3.9950518608093,3.4721620082855,0.0020000000004074536,634.7065667857719,,,,,68.79024960422983,,0.8740621061102649,,1.4708487645445893,57.80569333280771,1.1505948890852575
0.9420099999988452,0.068687908351421,-3.9877331256866,3.4643018245697004,0.0020099999992453377,634.4281922838762,,,,,68.16573798913956,,0.7689712343841844,,1.5357472089438418,57.94270646611444,1.1510928688154691
0.9439999999995052,0.06119035184383401,-3.9667024612427,3.4752810001373,0.001990000000660075,634.1498177819806,,,,,67.5412263740493,,0.6638803626581037,,1.6006456533430942,58.07711350664338,1.1414048133333636
0.9459999999990032,0.059445686638355005,-3.9538764953612997,3.4952704906464,0.001999999999497959,633.871443280085,,,,,66.91671475895905,,0.5587894909320231,,1.6655440977423464,58.210946936127705,1.131207586349086
0.9500099999995655,0.064387828111649,-3.9799542427063,3.5466547012329,0.004010000000562286,633.5930687781894,,,,,66.29220314386878,,0.45369861920594257,,1.7304425421415988,58.47677867077189,1.1221713355187284
0.9519999999993161,0.063664183020592,-3.9704828262329,3.5917346477509,0.00198999999975058,633.3146942762937,,,,,65.66769152877852,,0.348607747479862,,1.7953409865408512,58.607457376897784,1.1054499331455812
0.953999999998814,0.06088620051741599,-3.9725074768066,3.6512219905852996,0.001999999999497959,633.0363197743981,,,,,65.04317991368825,,0.24351687575378145,,1.8602394309401036,58.73754373669251,1.0879939612134615
0.9580099999993763,0.0752072930336,-4.0214896202087,3.7799248695374,0.004010000000562286,632.7579452725024,,,,,64.41866829859799,,0.13842600402770078,,1.925137875339356,58.99586259660611,1.063907288903566
0.9600000000000364,0.08649310842156402,-4.0720691680908,3.9511153697968,,632.4795707706068,170.12803698483043,285.28348062090424,0.04800000000068394,-0.0030621195208520025,63.79415668350773,1.6000863505005736e-06,0.0333351323016203,9.552174334881425e-05,1.9900363197386082,59.1228129684484,1.0319952286921943
0.9659999999994398,0.09777892380952802,-4.1226487159728995,4.1223058700562,0.007990000000063446,632.2967701275134,,,,,64.05838359903179,,0.05609064614944427,,1.8902866483428353,59.50716327000437,1.0000831684808227
0.9679999999989377,0.10294731706381001,-4.144688606262201,4.2193598747253,0.001999999999497959,632.11396948442,,,,,64.32261051455583,,0.07884615999726824,,1.7905369769470623,59.635808491001185,0.9823027021443719
0.9700099999990925,0.10781200230122,-4.1663312911987,4.3295359611511,0.0020100000001548324,631.9311688413266,,,,,64.58683743007988,,0.1016016738450922,,1.6907873055512894,59.765628034245644,0.9623043505315965
0.974009999998998,0.13221882283688002,-4.272389888763399,4.5632071495056,0.0039999999999054126,631.7483681982332,,,,,64.85106434560393,,0.12435718769291616,,1.5910376341555166,60.025032291621926,0.9362691082797525
0.975999999999658,0.14149865508079998,-4.3105349540710005,4.6810216903687,0.001990000000660075,631.5655675551399,,,,,65.11529126112798,,0.14711270154074013,,1.4912879627597437,60.15461172127455,0.9208534459346804
0.9799999999995634,0.15945883095264002,-4.4002737998962,4.9334497451782,0.0039999999999054126,631.3827669120465,,,,,65.37951817665203,,0.1698682153885641,,1.391538291363971,60.416129793974974,0.8919263450888277
0.9820199999994657,0.17394974827766002,-4.4672622680664,5.054868221283,0.002019999999902211,631.1999662689531,,,,,65.64374509217608,,0.19262372923638807,,1.2917886199681978,60.54873015905475,0.8837544467049515
0.9839999999994689,0.18630796670914002,-4.5181093215942,5.178499698638901,0.0019800000000032014,631.0171656258597,,,,,65.90797200770012,,0.21537924308421202,,1.192038948572425,60.67922794363021,0.8724745745918889
0.9859999999989668,0.19197396934032002,-4.555171012878401,5.2999882698059,0.001999999999497959,630.8343649827663,,,,,66.17219892322417,,0.23813475693203598,,1.0922892771766521,60.81157234144344,0.8594681310578115
0.9900099999995291,0.21952232718467998,-4.6859798431396,5.5471477508545,0.004010000000562286,630.6515643396729,,,,,66.43642583874822,,0.26089027077985993,,0.9925396057808792,61.077982409094176,0.8447548278153861
0.9919999999992797,0.23398713767529,-4.7500700950623,5.665723323822,0.00198999999975058,630.4687636965795,,,,,66.70065275427227,,0.283645784627684,,0.8927899343851062,61.21071670805854,0.8383872320574214
0.9939999999996871,0.24089880287647,-4.7966499328613,5.7814865112305,0.0020000000004074536,630.2859630534861,,,,,66.96487966979632,,0.3064012984755079,,0.7930402629893334,61.34464646742542,0.829656857893526
0.9959999999991851,0.24977579712867998,-4.859778881073,5.8973870277405,0.001999999999497959,630.1031624103927,,,,,67.22910658532038,,0.3291568123233318,,0.6932905915935605,61.47910468056231,0.8240562910681063
0.9999999999990905,0.28046077489853,-5.0011301040649006,6.1110239028931,0.0039999999999054126,629.9203617672994,,,,,67.49333350084443,,0.35191232617115586,,0.5935409201977875,61.7490780145593,0.8183784229181709
1.001999999999498,0.28587275743484003,-5.0512118339539,6.213755607604999,0.0020000000004074536,629.737561124206,,,,,67.75756041636848,,0.3746678400189798,,0.49379124880201464,61.88459313541965,0.8129080306556852
1.003999999998996,0.29233747720718,-5.0988965034485,6.3116340637207005,0.001999999999497959,629.5547604811126,,,,,68.02178733189253,,0.3974233538668037,,0.3940415774062418,62.02063671004928,0.8078568009443036
1.0060099999991508,0.30779129266738997,-5.173998832702599,6.3937668800354,0.0020100000001548324,629.3719598380192,,,,,68.28601424741657,,0.42017886771462776,,0.29429190601046895,62.15789159869716,0.8092254424943864
1.0079999999979918,0.32511691749096,-5.2919301986694,6.5526669025421,,629.1891591949258,170.10677613451634,285.27414259364315,0.047999999997955456,-0.003290411575680996,68.55024116294062,-2.1260850314092083e-05,0.4429343815624517,-9.338027261107662e-06,0.19454223461469608,62.29430657853197,0.807637948072065
1.0140099999989616,0.34244254231453003,-5.4098615646362,6.7115669250488,0.007999999999810825,629.0210875410413,,,,,68.24338722081032,,0.4383412059179569,,0.24507675533247616,62.704449335795225,0.8060504536497437
1.0159999999996217,0.35284689068793995,-5.474285602569599,6.770226001739499,0.001990000000660075,628.8530158871567,,,,,67.93653327868003,,0.43374803027346215,,0.2956112760502563,62.83964303706464,0.8085824020000323
1.0179999999991196,0.35639500617981,-5.5163135528564,6.8229932785034,0.001999999999497959,628.6849442332723,,,,,67.62967933654973,,0.42915485462896735,,0.34614579676803636,62.974902395703786,0.8084887860341531
1.021999999999025,0.36579179763793995,-5.6028871536255,6.9268836975098,0.0039999999999054126,628.5168725793877,,,,,67.32282539441944,,0.4245616789844726,,0.39668031748581645,63.244193697275094,0.8088611557950259
1.0239999999994325,0.37557256221771,-5.6624932289124,6.9639811515808,0.0020000000004074536,628.3488009255033,,,,,67.01597145228914,,0.4199685033399778,,0.44721483820359653,63.37822564020698,0.8131115098763634
1.0259999999989304,0.37951982021332004,-5.6992311477661,6.9993495941162,0.001999999999497959,628.1807292716188,,,,,66.70911751015883,,0.4153753276954831,,0.4977493589213766,63.511643875193805,0.8142515345364365
1.0300099999994927,0.38230490684509,-5.7516503334045,7.0524244308472,0.004010000000562286,628.0126576177342,,,,,66.40226356802854,,0.4107821520509883,,0.5482838796391567,63.77791695213894,0.8155564642772869
1.0319999999992433,0.38772422075271995,-5.7918524742126,7.071740150451701,0.00198999999975058,627.8445859638498,,,,,66.09540962589824,,0.40618897640649354,,0.5988184003569368,63.90944681727799,0.8190137577160058
1.0339999999996508,0.39029520750046,-5.8178958892822,7.078987121582,0.0020000000004074536,627.6765143099653,,,,,65.78855568376795,,0.40159580076199874,,0.6493529210747169,64.04102392867233,0.8218542835803361
1.0359999999991487,0.38893258571625,-5.8264150619507005,7.086775302887,0.001999999999497959,627.5084426560808,,,,,65.48170174163765,,0.39700262511750395,,0.699887441792497,64.17198733212273,0.8221532097366123
1.0399999999990541,0.39075857400894,-5.8670659065247,7.0892248153687,0.0039999999999054126,627.3403710021963,,,,,65.17484779950735,,0.3924094494730092,,0.750421962510277,64.43268672331459,0.827603307741844
1.0419999999994616,0.39092692732810996,-5.880295753479,7.079182624816901,0.0020000000004074536,627.1722993483118,,,,,64.86799385737706,,0.3878162738285144,,0.8009564832280571,64.56242271105577,0.8306461444948372
1.0439999999989595,0.38690093159676,-5.883740425109901,7.063643932342499,0.001999999999497959,627.0042276944273,,,,,64.56113991524676,,0.3832230981840197,,0.8514910039458372,64.69154499085386,0.8329610724246529
1.0460099999991144,0.38362702727318,-5.8856863975525,7.0482468605042,0.0020100000001548324,626.8361560405428,,,,,64.25428597311645,,0.3786299225395249,,0.9020255246636173,64.82069610566977,0.835056789871214
1.047999999998865,0.38364958763122997,-5.892742633819599,7.0256690979004,0.00198999999975058,626.6680843866583,,,,,63.947432030986164,,0.3740367468950301,,0.9525600453813974,64.94795149539549,0.8387446877594373
1.0499999999992724,0.38071823120117,-5.887602806091301,6.998556137085,0.0020000000004074536,626.5000127327738,,,,,63.64057808885586,,0.36944357125053534,,1.0030945660991775,65.07523265159912,0.841259638526465
1.0539999999991778,0.37211012840271,-5.8660979270935,6.9395990371704,0.0039999999999054126,626.3319410788893,,,,,63.333724146725565,,0.3648503956060406,,1.0536290868169575,65.32856754818003,0.845307905496134
1.0559999999995853,0.364366367459295,-5.843531131744399,6.85685205459595,,626.1638694250048,170.0894837879576,285.2211427404797,0.048000000001593435,-0.0030252897699210024,63.02687020459527,-1.7292346558728244e-05,0.3602572199615458,-5.299985316342681e-05,1.1041636075347376,65.4546212886149,0.852302170077698
1.0620099999996455,0.35662260651588,-5.820964336395299,6.7741050720214995,0.008010000000467699,625.9937216163463,,,,,62.86415326505106,,0.38119126871449743,,1.0853324385530783,65.83243484974165,0.8592964346592622
1.063999999999396,0.35204824805259993,-5.811847686767599,6.7271180152892995,0.00198999999975058,625.8235738076879,,,,,62.70143632550684,,0.4021253174674491,,1.066501269571419,65.95721070801376,0.8639431735192564
1.065999999998894,0.34895321726798995,-5.7944798469542995,6.682697772979701,0.001999999999497959,625.6534259990294,,,,,62.53871938596263,,0.42305936622040075,,1.0476701005897597,66.0822881467543,0.8670869226472051
1.0699999999987995,0.33501729369164,-5.750983238220201,6.5849614143372,0.0039999999999054126,625.483278190371,,,,,62.37600244641842,,0.4439934149733524,,1.0288389316081004,66.33179215653406,0.8733510914276265
1.0720099999989543,0.33303999900818,-5.7300157546997,6.534757137298599,0.0020100000001548324,625.3131303817125,,,,,62.2132855068742,,0.464927463726304,,1.0100077626264412,66.45684086041251,0.8768521360945984
1.0739999999996144,0.32726743817328996,-5.716092586517299,6.4780926704407005,0.001990000000660075,625.142982573054,,,,,62.05056856732999,,0.4858615124792557,,0.9911765936447818,66.58032149190245,0.8823727719425226
1.0779999999995198,0.31523153185844,-5.6742100715637,6.3763599395752,0.0039999999999054126,624.9728347643957,,,,,61.88785162778578,,0.5067955612322073,,0.9723454246631226,66.82787289840775,0.8898823349582933
1.0799999999990177,0.31052860617638,-5.656675815582299,6.3261470794678,0.001999999999497959,624.8026869557372,,,,,61.72513468824156,,0.5277296099851589,,0.9535142556814633,66.95132316775324,0.894173933126161
1.0820099999991726,0.30685698986053,-5.6483850479126,6.2769789695739995,0.0020100000001548324,624.6325391470788,,,,,61.56241774869735,,0.5486636587381106,,0.934683086699804,67.07506362743766,0.8998572522373673
1.0839999999989232,0.30247935652733005,-5.6348958015442,6.2266731262207005,0.00198999999975058,624.4623913384203,,,,,61.39970080915313,,0.5695977074910623,,0.9158519177181448,67.19724903203256,0.9049609136884817
1.0879999999988286,0.2930551469326,-5.6066184043884,6.140586853027299,0.0039999999999054126,624.2922435297619,,,,,61.23698386960892,,0.5905317562440139,,0.8970207487364854,67.4421969675052,0.9130427658757642
1.089999999999236,0.29015991091728,-5.5961756706238,6.0993638038635005,0.0020000000004074536,624.1220957211034,,,,,61.07426693006471,,0.6114658049969656,,0.8781895797548261,67.5643455013902,0.917501537960243
1.0919999999996435,0.28421944379807,-5.5890579223633,6.0643663406372,0.0020000000004074536,623.9519479124449,,,,,60.91154999052049,,0.6323998537499171,,0.8593584107731669,67.68616860139606,0.9216227398584305
1.0940099999988888,0.27867501974106,-5.5818233489989995,6.0217113494873,0.0020099999992453377,623.7818001037865,,,,,60.74883305097628,,0.6533339025028688,,0.8405272417915075,67.80827375578268,0.9269496701256273
1.095999999999549,0.27543985843658,-5.5771689414978,5.9850091934204,0.001990000000660075,623.611652295128,,,,,60.58611611143207,,0.6742679512558205,,0.8216960728098482,67.92884012688442,0.9318563700167816
1.0999999999994543,0.27139618992805,-5.593099117279099,5.9265813827514995,0.0039999999999054126,623.4415044864696,,,,,60.42339917188785,,0.6952020000087722,,0.802864903828189,68.17053372356627,0.9437310915120554
1.1040000000002692,0.269167304039,-5.60341382026675,5.868638753891,,623.2713566778111,170.05510925761655,285.25877635975286,0.04800000000068394,-0.0028925127471937095,60.26068223234364,-3.4374530341052534e-05,0.7161360487617238,3.763361927316966e-05,0.7840337348465297,68.41157645254475,0.9549168362091948
1.11000999999942,0.26693841814995,-5.613728523254401,5.8106961250305,0.010009999999965657,623.0914755629274,,,,,60.660389779603555,,0.7195517445726793,,0.7473883572568839,68.77614539506865,0.9661025809063342
1.1119999999991705,0.26024240255356,-5.6068143844604,5.7985854148864995,0.00198999999975058,622.9115944480435,,,,,61.06009732686346,,0.7229674403836349,,0.7107429796672382,68.89765498873388,0.9669279631660211
1.1140099999993254,0.26208797097206,-5.6120824813843,5.7903070449829,0.0020100000001548324,622.7317133331597,,,,,61.45980487412338,,0.7263831361945905,,0.6740976020775924,69.02118919654038,0.9692201877700034
1.115999999999076,0.26644107699394,-5.641068458557099,5.7784957885742,0.00198999999975058,622.5518322182759,,,,,61.859512421383286,,0.729798832005546,,0.6374522244879466,69.1442896262435,0.9762174560568451
1.1199999999989814,0.26808762550354,-5.6635575294495,5.7728285789489995,0.0039999999999054126,622.3719511033921,,,,,62.2592199686432,,0.7332145278165015,,0.6008068468983008,69.39332650611219,0.981071488958123
1.1219999999993888,0.26887357234955,-5.670705795288099,5.7747626304626,0.0020000000004074536,622.1920699885083,,,,,62.65892751590311,,0.7366302236274571,,0.564161469308655,69.51864436116952,0.9819807597587495
1.1239999999988868,0.27468836307526,-5.6868071556091,5.7722344398499,0.001999999999497959,622.0121888736245,,,,,63.058635063163024,,0.7400459194384127,,0.5275160917190093,69.64476163126419,0.9852003093202463
1.1279999999997017,0.27783879637718,-5.6936254501343,5.764041423797599,0.004000000000814907,621.8323077587406,,,,,63.45834261042293,,0.7434616152493683,,0.49087071412936345,69.8985950017576,0.9877835760561023
1.1299999999991996,0.28195995092391996,-5.6948165893555,5.7649326324463,0.001999999999497959,621.6524266438569,,,,,63.85805015768285,,0.7468773110603237,,0.45422533653971764,70.0263111020409,0.9878374913357753
1.131999999999607,0.28957632184029,-5.715440273284901,5.7577381134033,0.0020000000004074536,621.4725455289731,,,,,64.25775770494276,,0.7502930068712793,,0.4175799589500719,70.15482661747697,0.9926537401866308
1.1340099999988524,0.29592517018318,-5.7198371887207005,5.760661125183099,0.0020099999992453377,621.2926644140892,,,,,64.65746525220267,,0.7537087026822349,,0.3809345813604261,70.2847881225851,0.9929133244300842
1.1359999999995125,0.29697132110596003,-5.7089095115662,5.752396583557099,0.001990000000660075,621.1127832992055,,,,,65.05717279946258,,0.7571243984931905,,0.3442892037707803,70.41425189649897,0.9924401818686834
1.1379999999990105,0.30001285672188,-5.7002191543579,5.7511029243469,0.001999999999497959,620.9329021843216,,,,,65.4568803467225,,0.760540094304146,,0.3076438261811345,70.54516565715954,0.9911523457920416
1.1419999999989159,0.31289193034171997,-5.688172817230201,5.731342792511,0.0039999999999054126,620.7530210694379,,,,,65.85658789398241,,0.7639557901151016,,0.2709984485914888,70.80859200872925,0.9924677380426088
1.1439999999993233,0.31563061475753995,-5.6581201553345,5.714183807373001,0.0020000000004074536,620.573139954554,,,,,66.25629544124232,,0.7673714859260572,,0.234353071001843,70.94110459963873,0.9901886859211351
1.1459999999988213,0.31954669952393,-5.6362738609314,5.7038235664367996,0.001999999999497959,620.3932588396702,,,,,66.65600298850222,,0.7707871817370127,,0.19770769341219718,71.07441660558227,0.9881571186908928
1.1479999999992287,0.32810407876968,-5.6163454055786,5.683182239532501,0.0020000000004074536,620.2133777247864,,,,,67.05571053576215,,0.7742028775479682,,0.16106231582255137,71.20852802668112,0.9882395406064968
1.1519999999991342,0.33746364712715,-5.5096786022185995,5.602165937423701,,620.0334966099026,170.0177835660962,285.26474837278795,0.04799999999886495,-0.0032378600679084935,67.45541808302205,-3.7325691520345705e-05,0.7776185733589238,5.972013035038248e-06,0.12441693823290559,71.47834969900683,0.9834211075011523
1.157999999999447,0.34682321548462,-5.4030117988586,5.5211496353149006,0.010000000000218279,619.8308541162359,,,,,67.18010882897691,,0.8076323973187551,,0.14027338469830836,71.8814303520017,0.9786026743958077
1.159999999998945,0.34784904122353,-5.3439173698425,5.4775657653809,0.001999999999497959,619.6282116225692,,,,,66.90479957493179,,0.8376462212785866,,0.1561298311637111,72.01523995111798,0.9756007684320142
1.1619999999993524,0.35101667046546997,-5.2718563079834,5.4332132339478,0.0020000000004074536,619.4255691289025,,,,,66.62949032088665,,0.8676600452384179,,0.17198627762911387,72.1484989317869,0.9703017498087118
1.1639999999988504,0.35252574086189004,-5.1998414993286,5.3725738525391,0.001999999999497959,619.2229266352358,,,,,66.35418106684152,,0.8976738691982493,,0.18784272409451663,72.28120729388728,0.9678492361479841
1.1679999999996653,0.35308113694190996,-5.0361967086792,5.2489304542542,0.004000000000814907,619.020284141569,,,,,66.07887181279638,,0.9276876931580806,,0.20369917055991937,72.54552278119232,0.9594710298737943
1.1699999999991633,0.35149511694908,-4.9499845504761,5.176995754241901,0.001999999999497959,618.8176416479023,,,,,65.80356255875124,,0.957701517117912,,0.21955561702532214,72.67712990627679,0.95615001160088
1.1719999999995707,0.35160547494888,-4.858747005462599,5.1047902107239,0.0020000000004074536,618.6149991542356,,,,,65.52825330470611,,0.9877153410777434,,0.2354120634907249,72.8081864129129,0.9518015050364999
1.174009999998816,0.35098427534103005,-4.7577471733092995,5.029057025909401,0.0020099999992453377,618.4123566605689,,,,,65.25294405066097,,1.0177291650375748,,0.25126850995612765,72.93934483040549,0.9460515458062358
1.1759999999994761,0.34799221158028004,-4.6505389213562,4.945874214172401,0.001990000000660075,618.2097141669022,,,,,64.97763479661585,,1.0477429889974061,,0.26712495642153045,73.06865032369365,0.9402865337800308
1.1800399999992806,0.34294572472572,-4.4379115104675,4.7717003822327,0.004039999999804422,618.0070716732355,,,,,64.7023255425707,,1.0777568129572375,,0.2829814028869332,73.33004771887298,0.9300482333283008
1.1820099999995364,0.33863669633865,-4.3194336891174,4.675279140472401,0.0019700000002558227,617.8044291795687,,,,,64.42701628852556,,1.1077706369170688,,0.2988378493523359,73.45696894097786,0.923887870507119
1.183999999999287,0.33093106746673995,-4.206825256347701,4.592511653900099,0.00198999999975058,617.6017866859021,,,,,64.15170703448044,,1.1377844608769,,0.31469429581773867,73.58463083796047,0.9160184172369248
1.1859999999996944,0.32545152306557,-4.0986065864563,4.5013241767883,0.0020000000004074536,617.3991441922353,,,,,63.8763977804353,,1.1677982848367316,,0.3305507422831414,73.71238363354738,0.910533528687254
1.198009999999158,0.2856017947197,-3.3874287605286004,3.9715704917908,0.012009999999463616,617.1965016985687,,,,,63.601088526390164,,1.197812108796563,,0.3464071887485442,74.47623270671521,0.8529192085424103
1.1999999999979991,0.2816758453846,-3.33290910720825,3.9353460073471,,616.9938592049019,169.9588479213253,285.28213702727777,0.04799999999886495,-0.0030396374050006836,63.32577927234503,-5.893564477091329e-05,1.2278259327563943,1.738865448985827e-05,0.36226363521394694,74.60225100739379,0.8468606400725611
1.1999999999989086,0.2777498960495,-3.2783894538879,3.8991215229034,0.00198999999975058,616.7275392173851,,,,,63.59696407283656,,1.1673804379749362,,0.43260665983051094,74.60225100745163,0.8408020716027119
1.201999999999316,0.27172413468360995,-3.1743302345276,3.8296203613281,0.0020000000004074536,616.4612192298684,,,,,63.868148873328096,,1.106934943193478,,0.502949684447075,74.72998730522431,0.8288890111882401
1.2059999999992215,0.25856700539589,-2.9715595245361,3.7192094326019003,0.0039999999999054126,616.1948992423517,,,,,64.13933367381964,,1.0464894484120197,,0.573292709063639,74.98654463991352,0.7989761207013405
1.2140099999996892,0.23789025843142997,-2.6252286434173997,3.5904102325439,0.008010000000467699,615.9285792548349,,,,,64.41051847431116,,0.9860439536305616,,0.643635733680203,75.50247289292288,0.7311779082016922
1.2159999999994398,0.2325634509325,-2.5532925128937003,3.5827260017395,0.00198999999975058,615.6622592673181,,,,,64.68170327480269,,0.9255984588491035,,0.7139787582967669,75.63118948242361,0.7126675362989006
1.2179999999989377,0.22870692610741,-2.4971663951874,3.5807285308837997,0.001999999999497959,615.3959392798013,,,,,64.95288807529423,,0.8651529640676454,,0.7843217829133311,75.76109525854159,0.697390593464243
1.2199999999993452,0.22746278345585,-2.442262172699,3.5922014713287003,0.0020000000004074536,615.1296192922846,,,,,65.22407287578577,,0.8047074692861872,,0.854664807529895,75.89154340431973,0.679878952278154
1.2239999999992506,0.2251793295145,-2.3550500869751,3.6601474285126,0.0039999999999054126,614.8632993047678,,,,,65.49525767627729,,0.744261974504729,,0.925007832146459,76.15352443501865,0.6434303898879118
1.225999999999658,0.22648684680462,-2.3290076255798,3.7155015468597,0.0020000000004074536,614.596979317251,,,,,65.76644247676882,,0.6838164797232709,,0.9953508567630232,76.28505731999898,0.6268353265922473
1.227999999999156,0.22849190235137998,-2.3062479496002,3.7753505706787003,0.001999999999497959,614.3306593297343,,,,,66.03762727726036,,0.6233709849418128,,1.065693881379587,76.41713257452035,0.6108698798759774
1.2299999999995634,0.23141288757324,-2.2853376865387003,3.8471388816832994,0.0020000000004074536,614.0643393422175,,,,,66.3088120777519,,0.5629254901603545,,1.136036905996151,76.54975019870287,0.594035660479915
1.247999999998683,0.30455334484576996,-2.76698529720305,5.186863899230949,,613.7980193547007,169.93472888154676,285.340043263948,0.04800000000068394,-0.003195839850201221,66.57999687824342,-2.4119039778530693e-05,0.5024799953788964,5.790623667023542e-05,1.2063799306127152,77.74819014245263,0.5458946132954823
1.2679999999991196,0.37769380211829995,-3.2486329078674,6.526588916778599,0.03799999999955617,613.4780991714338,,,,,66.58700100838655,,0.503155768208075,,1.2225488225206032,79.07993016264943,0.4977535661110496
1.2700099999992744,0.38614416122437,-3.3295900821686,6.6599788665771,0.0020100000001548324,613.1581789881667,,,,,66.5940051385297,,0.5038315410372535,,1.2387177144284913,79.2137841129882,0.4999400371791037
1.272009999999682,0.39134407043457003,-3.4192578792572004,6.7904572486877,0.0020000000004074536,612.8382588048997,,,,,66.60100926867283,,0.5045073138664319,,1.2548866063363793,79.34698613155268,0.5035386799494238
1.2739999999994325,0.40065816044807,-3.5102052688598997,6.9111671447754,0.00198999999975058,612.5183386216327,,,,,66.60801339881596,,0.5051830866956104,,1.2710554982442672,79.47953607819971,0.5079033968254539
1.2779999999993379,0.41243088245391996,-3.6866109371185,7.1217045783997,0.0039999999999054126,612.1984184383657,,,,,66.6150175289591,,0.5058588595247889,,1.2872243901521552,79.74599614830925,0.5176585038784225
1.2799999999988358,0.42058327794074996,-3.7692561149597,7.2073936462402,0.001999999999497959,611.8784982550987,,,,,66.62202165910223,,0.5065346323539675,,1.3033932820600433,79.87924019159401,0.5229707575256369
1.2820099999989907,0.42717397212982,-3.8550853729248,7.2864942550659,0.0020100000001548324,611.5585780718317,,,,,66.62902578924536,,0.507210405183146,,1.3195621739679313,80.0131645334407,0.5290727252333411
1.2859999999991487,0.43554258346558006,-4.0227127075195,7.412473678588901,0.003990000000158034,611.2386578885647,,,,,66.63602991938849,,0.5078861780123244,,1.3357310658758192,80.27904229282959,0.5426950410817912
1.2879999999995562,0.43992909789085,-4.0978021621704,7.4583783149719,0.0020000000004074536,610.9187377052976,,,,,66.64303404953164,,0.5085619508415029,,1.3518999577837074,80.4123283609558,0.5494226746241202
1.295999999999367,0.44889798760414,-4.33154225349425,7.4333698749542,,610.5988175220307,169.9102854708102,285.2743759591619,0.04800000000068394,-0.0031992018326699734,66.65003817967477,-2.4443410736540994e-05,0.5092377236706814,-6.566730478613225e-05,1.3680688496915954,80.94552866638058,0.5828282120698878
1.3019999999996799,0.45786687731743003,-4.5652823448181,7.4083614349364995,0.014000000000123691,610.4798092758716,,,,,65.42659674241486,,0.5075778234552594,,1.3001799194277033,81.33808824685553,0.6162337495156553
1.3039999999991778,0.45723578333855,-4.620008945465099,7.362066268920901,0.001999999999497959,610.3608010297127,,,,,64.20315530515497,,0.5059179232398373,,1.232290989163811,81.4664945574336,0.6275424285391932
1.3059999999995853,0.4589159488678,-4.6688141822815,7.2998824119568,0.0020000000004074536,610.2417927835536,,,,,62.97971386789506,,0.5042580230244152,,1.1644020588999189,81.59245398519506,0.6395738888388453
1.310009999999238,0.45905712246895003,-4.7512292861938,7.1522541046143,0.004009999999652791,610.1227845373946,,,,,61.75627243063516,,0.5025981228089932,,1.0965131286360268,81.84009663762046,0.6642981662422381
1.3119999999989886,0.45866993069649,-4.784504890441901,7.0660710334778,0.00198999999975058,610.0037762912356,,,,,60.532830993375256,,0.5009382225935711,,1.0286241983721345,81.96055697128219,0.6771096508616683
1.313999999999396,0.45823428034782,-4.814138412475599,6.966052532196,0.0020000000004074536,609.8847680450766,,,,,59.30938955611535,,0.4992783223781491,,0.9607352681082424,82.07917575041859,0.6910855739639356
1.3179999999993015,0.45773002505302,-4.8576645851135,6.750851154327401,0.0039999999999054126,609.7657597989175,,,,,58.08594811885545,,0.49761842216272706,,0.8928463378443503,82.31151954288852,0.7195632778838059
1.3200099999994563,0.45557701587677,-4.8727598190308,6.6375980377197,0.0020100000001548324,609.6467515527586,,,,,56.86250668159555,,0.495958521947305,,0.8249574075804581,82.42581318132733,0.7341149300304425
1.321999999999207,0.45441538095474,-4.883875370025599,6.518221855163599,0.00198999999975058,609.5277433065995,,,,,55.63906524433564,,0.49429862173188294,,0.7570684773165659,82.53653492114968,0.7492649803192408
1.3239999999996144,0.45423209667206,-4.8935976028442,6.3984594345093,0.0020000000004074536,609.4087350604404,,,,,54.41562380707574,,0.4926387215164609,,0.6891795470526738,82.645366168786,0.764808725120798
1.3279999999995198,0.45012703537940996,-4.8870344161987,6.140753746032701,0.0039999999999054126,609.2897268142815,,,,,53.19218236981584,,0.4909788213010388,,0.6212906167887816,82.85813489826023,0.7958362471962047
1.3300099999996746,0.44815975427628,-4.8751077651978,6.0058498382568,0.0020100000001548324,609.1707185681224,,,,,51.96874093255593,,0.48931892108561675,,0.5534016865248894,82.96259206754272,0.8117265493625464
1.3319999999994252,0.44536983966827004,-4.8616719245911,5.8637175559998,0.00198999999975058,609.0517103219635,,,,,50.74529949529603,,0.4876590208701947,,0.4855127562609973,83.0635752135257,0.8291108632298635
1.3339999999989232,0.44319099187851,-4.8392109870911,5.725997924804701,0.001999999999497959,608.9327020758044,,,,,49.52185805803613,,0.4859991206547727,,0.4176238259971051,83.16261892961691,0.8451297137443782
1.3359999999993306,0.44077321887015997,-4.8131752014160005,5.5827069282532005,0.0020000000004074536,608.8136938296454,,,,,48.29841662077623,,0.4843392204393506,,0.3497348957332129,83.25921576287814,0.8621579572908044
1.3379999999988286,0.4373122155666401,-4.7837762832642,5.4409093856812,0.001999999999497959,608.6946855834864,,,,,47.07497518351633,,0.48267932022392857,,0.28184596546932084,83.35336571322154,0.8792236635760977
1.3419999999996435,0.43182152509689004,-4.7062492370605,5.1648144721985,0.004000000000814907,608.5756773373274,,,,,45.85153374625642,,0.4810194200085065,,0.21395703520542875,83.53677184824393,0.9112136093936395
1.344000000000051,0.424875050783155,-4.6043152809142995,4.89174485206605,,608.4566690911684,169.88727621385982,285.26736469012457,0.04800000000068394,-0.002142148430862356,44.62809230899652,-2.3009256950395907e-05,0.47935951979308444,-7.011269037293655e-06,0.14606810494153652,83.6260280328801,0.9430172740061314
1.350019999998949,0.41792857646941994,-4.5023813247681,4.6186752319336,0.008019999999305583,608.3720232957684,,,,,43.91220791829262,,0.4803761731523344,,0.1883543950187095,83.89037952449983,0.9748209386186234
1.3519999999989523,0.4135317504406,-4.4377202987671,4.4838061332703,0.0019800000000032014,608.2873775003685,,,,,43.19632352758873,,0.4813928265115843,,0.23064068509588243,83.9759082450846,0.9897217156287738
1.3539999999993597,0.40953594446181996,-4.3690161705017,4.3555717468262,0.0020000000004074536,608.2027317049685,,,,,42.48043913688483,,0.48240947987083427,,0.2729269751730554,84.06086912337568,1.0030867184509809
1.3579999999992651,0.40002560615540006,-4.2231769561768,4.105240821838399,0.0039999999999054126,608.1180859095687,,,,,41.764554746180934,,0.48342613323008415,,0.31521326525022836,84.22792734235645,1.028728189028771
1.3599999999996726,0.39469152688979997,-4.1472024917603,3.9844071865082,0.0020000000004074536,608.0334401141687,,,,,41.04867035547704,,0.4844427865893341,,0.3574995553274013,84.31002468308414,1.040858099494286
1.362009999998918,0.39057326316833,-4.0686802864075,3.8699412345886,0.0020099999992453377,607.9487943187688,,,,,40.332785964773144,,0.48545943994858404,,0.3997858454045743,84.3910935828429,1.0513545399714648
1.3660099999988233,0.38164553046227,-3.9027433395386,3.6614062786102,0.0039999999999054126,607.8641485233688,,,,,39.616901574069246,,0.486476093307834,,0.4420721354817473,84.54956118913543,1.0659137616981438
1.3680099999992308,0.37610757350922,-3.8169617652893,3.5664432048798003,0.0020000000004074536,607.779502727969,,,,,38.901017183365354,,0.4874927466670839,,0.48435842555892017,84.62736322351802,1.0702432496518455
1.3700099999996382,0.37102353572845004,-3.7294127941132005,3.4749321937561,0.0020000000004074536,607.694856932569,,,,,38.185132792661456,,0.4885094000263338,,0.5266447156360932,84.7037334891189,1.0732332564112652
1.3719999999993888,0.3659685254097,-3.6416583061218,3.3897032737732,0.00198999999975058,607.610211137169,,,,,37.46924840195756,,0.48952605338558375,,0.5689310057132662,84.77829729342945,1.0743295244448166
1.3759999999992942,0.3563591837883,-3.4612426757812,3.2362310886383,0.0039999999999054126,607.5255653417692,,,,,36.753364011253666,,0.4905427067448337,,0.611217295790439,84.92531074947098,1.0695288998158587
1.3779999999997017,0.35268238186836,-3.3707387447357005,3.1741893291472993,0.0020000000004074536,607.4409195463692,,,,,36.03747962054977,,0.49155936010408363,,0.653503585867612,84.99738570872677,1.0619211380315494
1.3799999999991996,0.34728336334229,-3.2813434600830003,3.1079771518707,0.001999999999497959,607.3562737509693,,,,,35.32159522984587,,0.4925760134633336,,0.695789875944785,85.06802889916872,1.0557810755165786
1.383999999999105,0.33887821435928,-3.103137254715,3.0130925178528,0.0039999999999054126,607.2716279555693,,,,,34.60571083914198,,0.4935926668225835,,0.738076166021958,85.20645174252202,1.029884491209174
1.3859999999995125,0.33406728506088,-3.0137920379639,2.9675507545471,0.0020000000004074536,607.1869821601695,,,,,33.88982644843808,,0.4946093201818334,,0.7803624560991309,85.27423139543271,1.015582305827776
1.3879999999990105,0.32886105775833,-2.9272129535675,2.9364504814148,0.001999999999497959,607.1023363647695,,,,,33.17394205773418,,0.49562597354108334,,0.8226487461763039,85.34057927953153,0.9968541857232855
1.3900099999991653,0.32487675547600003,-2.8422167301177996,2.9094724655151003,0.0020100000001548324,607.0176905693696,,,,,32.45805766703029,,0.4966426269003333,,0.8649350362534769,85.40581997544729,0.9768838728688936
1.3919999999980064,0.31393538415432,-2.6769195795059,2.8855397701263,,606.9330447739696,169.86338856840837,285.3109113137866,0.047999999997955456,-0.0015236243171987685,31.74217327632639,-2.3887645451442507e-05,0.4976592802595832,4.354662366201634e-05,0.9072213263306498,85.46898690023039,0.9272901715864366
1.3979999999992287,0.30299401283264,-2.511622428894,2.8616070747375,0.007990000000063446,606.8709258947069,,,,,31.169129930942386,,0.47241904530661055,,0.9440740880163992,85.65600167985414,0.8776964703039796
1.3999999999996362,0.29554110765457,-2.4367408752441,2.8546328544617,0.0020000000004074536,606.8088070154442,,,,,30.596086585558382,,0.4471788103536378,,0.9809268497021487,85.71719385303773,0.8536092028211446
1.4039999999995416,0.27110224962234,-2.2865126132965004,2.8554012775421,0.0039999999999054126,606.7466881361817,,,,,30.023043240174374,,0.42193857540066515,,1.017779611387898,85.83728602599558,0.8007675247889176
1.4059999999990396,0.26704519987106,-2.2180893421173,2.8636379241942995,0.001999999999497959,606.684569256919,,,,,29.44999989479037,,0.3966983404476925,,1.0546323730736475,85.89618602577038,0.7745704592669032
1.407999999999447,0.25876426696777,-2.1495647430419997,2.8752384185791002,0.0020000000004074536,606.6224503776563,,,,,28.876956549406366,,0.3714581054947198,,1.091485134759397,85.95393993888095,0.7476126950558356
1.4100099999996019,0.24883852899075,-2.0821161270142,2.8779406547546,0.0020100000001548324,606.5603314983936,,,,,28.303913204022358,,0.34621787054174713,,1.1283378964451465,86.01083080442541,0.7234743091642175
1.4139999999988504,0.21783840656280998,-1.9496252536773997,2.8959527015686,0.003989999999248539,606.498212619131,,,,,27.730869858638354,,0.3209776355887744,,1.165190658130896,86.12147697514054,0.6732241354015832
1.4159999999992579,0.20604796707629996,-1.8893893957138002,2.8959877490997004,0.0020000000004074536,606.4360937398683,,,,,27.15782651325435,,0.29573740063580173,,1.2020434198166454,86.17579262817812,0.6524162252762189
1.4179999999996653,0.19363996386528,-1.8303292989731001,2.9072239398956,0.0020000000004074536,606.3739748606056,,,,,26.584783167870345,,0.27049716568282905,,1.2388961815023949,86.22896219452468,0.6295797423293192
1.4219999999995707,0.15385358035564,-1.7125043869018999,2.9063186645508,0.0039999999999054126,606.3118559813429,,,,,26.01173982248634,,0.24525693072985638,,1.2757489431881444,86.33300915381217,0.5892348997340883
1.4239999999990687,0.13713614642619998,-1.6583210229874,2.9021813869476003,0.001999999999497959,606.2497371020803,,,,,25.438696477102333,,0.22001669577688365,,1.3126017048738938,86.3838865467536,0.5714050232854523
1.4259999999994761,0.11864355206489999,-1.6032497882843,2.8901817798615004,0.0020000000004074536,606.1876182228176,,,,,24.86565313171833,,0.19477646082391098,,1.3494544665596433,86.43361785302717,0.5547228203622295
1.430009999999129,0.072437077760696,-1.4921370744705,2.8517684936523,0.004009999999652791,606.1254993435549,,,,,24.292609786334324,,0.1695362258709383,,1.3863072282453928,86.53103121826194,0.5232321900574401
1.4319999999988795,0.051579046994448,-1.438925743103,2.8253290653229,0.00198999999975058,606.0633804642922,,,,,23.719566440950317,,0.14429599091796558,,1.4231599899311422,86.57823315547351,0.5092949209930521
1.433999999999287,0.028440691530704,-1.3855020999908,2.7891232967377,0.0020000000004074536,606.0012615850296,,,,,23.146523095566312,,0.1190557559649929,,1.4600127516168917,86.62452620167407,0.4967518293692335
1.4359999999996944,0.0038509257137775,-1.3295927047729,2.7482085227965998,0.0020000000004074536,605.9391427057669,,,,,22.573479750182308,,0.09381552101202023,,1.4968655133026412,86.66967316118364,0.48380342821289823
1.4399999999995998,-0.04682835191488299,-1.2308942079543999,2.6468868255615,0.0039999999999054126,605.8770238265042,169.86009695467743,285.3845297909885,0.048000000001593435,-0.0010560209474653748,22.000436404798304,-3.2916137309435545e-06,0.06857528605904759,7.361847720188663e-05,1.5337182749883906,86.75767490680074,0.465034695124633
